productcode,productlink,sensordet,operatetemp,isp,filtervalue,sortmp,fpsdet,listid,productfilter,sensorformat,webstorelink,productdesc,chromedet,sortfps,connectordet,resolutiondet
RouteCAM_CU25_IP67 <img src=/images/new.gif />,/gige-cameras/ar0234-global-shutter-full-hd-gige-camera.asp,AR0234CS,-30°C to 70°C,Yes,2mp gige color fixed Global onsemi low-light full-hd  2-1ps 60fps with-enclosure 1-2 yes,2,60FPS,1,,1/2.6,/webstore.asp#RouteCAM_CU25_IP67,,Color,60,GigE,Full HD
e-CAM56_CUOAGX &nbsp;&nbsp;(AGX Orin),/nvidia-cameras/jetson-agx-orin-cameras/5mp-imx568-global-shutter-mipi-camera.asp,IMX568,-30°C to 70°C,No,300-2000 color colornir low-light fixed raw-bayer 5mp mipi Global orin sonyPregiusS 60fps without-enclosure no camera-modules,5,79FPS,2,platform,1/1.8,/webstore.asp#e-CAM56_CUOAGX,,Color,79,MIPI CSI-2,5.0 MP
RouteCAM_CU22_IP67,/gige-cameras/sony-starvis-imx662-2mp-ip67-camera.asp,IMX662,-30°C to 70°C,Yes,2mp gige color x86 qualcomm orin tx2-nx nx xavier nono tx2-tx1 raspberry-Pi coral imx8 rockchip fixed rolling low-light full-hd  2-1ps 60fps with-enclosure 1-2 yes sonyStarvisTwo,2,60FPS,3,,1/2.8,/webstore.asp#RouteCAM_CU22_IP67,,Color,60,GigE,2.1 MP
e-CAM200_CUOAGX &nbsp;&nbsp;(AGX Orin),/nvidia-cameras/jetson-agx-orin-cameras/20mp-ar2020-high-resolution-mipi-camera.asp,AR2020,-30°C to 70°C,No,fixed color colornir 20mp mipi rolling grr orin onsemi low-light ir 30fps without-enclosure 2-2ps 1-23 smart_surveillance no,20,30FPS,4,all nvidia-camera platform,1/1.8,/webstore.asp#e-CAM200_CUOAGX,20MP high resolution camera for NVIDIA&reg; Jetson AGX Orin&trade;,Color & NIR,29,MIPI CSI-2,20.0 MP
e-CAM200_CUMI2020C_MOD,/camera-modules/20mp-ar2020-high-resolution-camera-module.asp,AR2020,-30°C to 70°C,No,color colornir 20mp mipi rolling onsemi ir low-light 30fps without-enclosure no camera-modules,20,30FPS,5,all camera-modules camera-modules2 high-resolution,1/1.8,/webstore.asp#e-CAM200_CUOAGX,,Color & NIR,30,MIPI CSI-2,20.0 MP
STURDeCAM31_CUOAGX (AGX Orin/AGX Xavier),/nvidia-cameras/jetson-agx-orin-cameras/sony-isx031-ip69k-hdr-gmsl2-camera.asp,ISX031,-40°C to 85°C,Yes,fixed color 3mp gmsl sonysubpixel rolling xavier orin hdr 60fps with-enclosure yes,3,60FPS,6,all nvidia-camera platform,1/2.42,/webstore.asp#STURDeCAM31_CUOAGX,,Color,60,GMSL2,3.0 MP
STURDeCAM84 (GMSL2),/automotive-cameras/4k-ar0823at-ip69k-gmsl2-150db-hdr-camera.asp,AR0823AT,-40°C to 80°C,no,fixed color 8mp gmsl rolling onsemi hdr 30fps with-enclosure 3ps no,8,30FPS,7,,1/1.8,/webstore.asp#STURDeCAM84,,Color,30,GMSL2,8.3 MP
STURDeCAM31 (GMSL2),/camera-modules/sony-isx031-ip69k-gmsl2-hdr-camera.asp,ISX031,-40°C to 85°C,Yes,fixed color 3mp gmsl rolling sonysubpixel hdr 60fps with-enclosure 3ps yes,3,60FPS,8,all gmsl-cameras hdr,1/2.42,/webstore.asp#STURDeCAM31,,Color,60,GMSL2,3.0 MP
SMARTOdin22_PoE_IP67,/ai-smart-cameras/fhd-sony-starvis-imx662-smart-ai-camera.asp,IMX662,-30°C to 70°C,Yes,2mp color fixed rolling gige smartcam 60fps with-enclosure 1-28 auto_farming smart_traffic sports_broadcasting yes sonyStarvisTwo,2,60FPS,9,,1/2.8,/webstore.asp#SMARTOdin22_PoE_IP67,Cloud-connected Smart AI Camera,Color,60,GigE,Full HD
RouteCAM_CU20,/gige-cameras/sony-starvis-imx462-full-hd-camera.asp,IMX462,0°C to 50°C,Yes,2mp gige color ir x86 qualcomm orin tx2-nx nx xavier nono tx2-tx1 raspberry-Pi coral imx8 rockchip fixed rolling low-light full-hd  2-1ps 60fps with-enclosure 1-2 yes starvis,2,60FPS,10,,1/2.8,/webstore.asp#RouteCAM_CU20,,Color & NIR,60,GigE,2.0 MP
See3CAM_CU200,/usb-cameras/ar2020-20mp-high-resolution-camera.asp,AR2020,-,Yes,fixed color colornir ir 20mp usb3 rolling grr x86 onsemi 60fps without-enclosure 1-12ps 1-18 yes usb-cameras low-light,16,90FPS,11,all usb-cameras usb-3-camera usb-cameras2,1/1.8,/webstore.asp#See3CAM_CU200,,Color & NIR,30,USB 3.0,20.0 MP
See3CAM_160,/usb-cameras/16mp-sony-imx298-autofocus-usb-camera.asp,IMX298,-20°C to 60°C,Yes,auto color 16mp usb3 rolling hd ultra-hd x86 sony 30fps without-enclosure 1-12ps 1-28 industrial_tablets dermatology access_control_and_analytics yes exmor usb-cameras,16,30FPS,12,all usb-cameras usb-3-camera,1/2.8,/order-now/see3cam_160.asp#16mpimx298camera,,Color,30,USB 3.0,16.0 MP
See3CAM_130,/13mp-autofocus-usb-camera.asp,AR1335,-30°C to 70°C,Yes,300-2000 auto color 13mp usb3 rolling hd ultra-hd x86 onsemi 100fps without-enclosure dentistry retail_kiosk retail_store_automation smart_classrooms 1-1ps 1-32 yes grr usb-cameras,13,120FPS,13,all usb-cameras usb-3-cameras usb-cameras2,1/3.2,/order-now/see3cam_130.asp#13MP_AF_camera,,Color,120,USB 3.0,13.0 MP
See3CAM_CU135,/4k-usb-camera.asp,AR1335,-30°C to 70°C,Yes,300-2000 fixed color 13mp usb3 rolling hd ultra-hd x86 onsemi 100fps with-enclosure parking_lot_management retail_kiosk retail_store_automation biometrics_border_control sports_broadcasting smart_classrooms 1-1ps 1-32 yes grr,13,120FPS,14,all usb-cameras2,1/3.2,/order-now/see3cam_cu135.asp#CU135USB,,Color,120,USB 3.0,13.0 MP
See3CAM_CU135M,/usb-cameras/ar1335-4k-monochrome-camera.asp,AR1335M,-30°C to 70°C,No,13mp usb3 x86 fixed monochrome ir hd rolling onsemi 60fps without-enclosure 1-1ps 1-32 without-enclosure no grr usb-cameras,13,60FPS,15,all usb-cameras usb-3-camera,1/3.2,/order-now/see3cam-cu135m.asp#CU135MHUSB,,Mono & NIR,60,USB 3.0,13.0 MP
See3CAM_CU84,/usb-cameras/4k-onsemi-ar0830-usb3-camera.asp,AR0830,-30°C to 70°C,Yes,fixed color 8mp usb3 rolling onsemi x86 60fps without-enclosure 2.1ps 1-29 yes,8,60FPS,16,,1/2.9,/webstore.asp,,Color,60,USB 3.0,8.0 MP
See3CAM_CU83,/usb-cameras/8mp-4k-rgb-ir-usb3-camera.asp,AR0830,-30°C to 85°C,Yes,fixed color ir colornir 8mp usb3 rolling ultra-hd rgbir hd onsemi 60fps without-enclosure x86  2.1ps 1-29 yes,8,60FPS,17,,1/2.9,/webstore.asp,,Color & NIR,60,USB 3.0,8.0 MP
See3CAM_CU81,/usb-cameras/ar0821-8mp-4k-hdr-camera.asp,AR0821,-30°C to 70°C,Yes,fixed color 8mp usb3 rolling ultra-hd hdr hd onsemi 60fps with-enclosure retail_store_automation sports_broadcasting x86 retail_kiosk smart_traffic parking_lot_management access_control_and_analytics plm 2.1ps 1-2 yes usb-cameras,8,60FPS,18,all usb-cameras usb-3-camera usb-cameras2,1/1.7,/order-now/see3cam-cu81.asp#CU81USB,,Color,60,USB 3.0,8.0 MP
See3CAM_CU55M,/ar0521-monochrome-usb-nir-camera.asp,AR0521,-30°C to 70°C,No,5mp usb3 x86 onsemi fixed rolling monochrome ir low-noise hd 100fps without-enclosure 2-2ps 1-25 biometrics_border_control no grr usb-cameras,5,112FPS,19,all usb-cameras usb-3-cameras usb-cameras2,1/2.5,/order-now/see3cam_cu55m.asp#CU55MHUSB,5MP Monochrome USB Camera,Mono & NIR,112,USB 3.0,5.0 MP
See3CAM_CU512M,/usb-cameras/5mp-ar0522-monochrome-nir-camera.asp,AR0522,-30°C to 70°C,No,5mp usb3 x86 onsemi fixed rolling monochrome ir low-noise hd 60fps without-enclosure 2-2ps 1-25 biometrics_border_control no usb-cameras,5,60FPS,20,all usb-cameras usb-3-cameras,1/2.5,/order-now/see3cam_cu512m.asp#See3CAM_CU512M,,Mono & NIR,60,USB 3.0,5.0 MP
See3CAM_CU55,/5mp-low-noise-usb-camera.asp,AR0521,-30°C to 70°C,Yes,5mp usb3 x86 onsemi fixed rolling color low-noise hd 60fps with-enclosure quality_control_inspection fish_farming smart_checkout_and_carts retail_store_automation biometrics_border_control sports_broadcasting smart_classrooms 2-2ps 1-25 yes grr,5,60FPS,21,all usb-cameras2,1/2.5,/order-now/see3cam_cu55.asp#CU55USB,5.0 MP Low Noise USB Camera,Color,60,USB 3.0,5.0 MP
See3CAM_50CUGM,/usb-cameras/5mp-sony-pregius-imx264-global-shutter-monochrome-camera.asp,IMX264,-10°C to 50°C,Yes,300-2000 5mp usb3 x86 fixed monochrome Global hd 100fps with-enclosure 3.4ps 2.3 no pregius usb-cameras,5,145FPS,22,all usb-cameras usb-3-camera global-shutter,2/3,/order-now/see3cam_50cugm.asp#See3CAM_50CUGM,,Mono,145,USB 3.0,5.0 MP
See3CAM_50CUG,/usb-cameras/5mp-sony-pregius-imx264-global-shutter-color-camera.asp,IMX264,-10°C to 50°C,Yes,5mp usb3 x86 fixed color Global hd 100fps with-enclosure 3.4ps 2.3 yes pregius usb-cameras,5,140FPS,23,all usb-cameras usb-3-camera global-shutter,2/3,/order-now/see3cam_50cug.asp#See3CAM_50CUG,,Color,175,USB 3.0,5.0 MP
See3CAM_24CUG,/industrial-cameras/ar0234-usb3-global-shutter-camera.asp,AR0234,-30°C to 70°C,Yes,2mp usb3 x86 fixed color Global hd onsemi 100fps with-enclosure 3ps 1-26 ophthalmology autonomous_mobile_robots laboratory_equipment yes usb-cameras,2,120FPS,24,all usb-cameras usb-3-camera usb-cameras2,1/2.6,/order-now/see3cam_24cug.asp#see3cam24cug,Full HD Global Shutter Camera,Color,120,USB 3.0,Full HD
See3CAM_CU27,/usb-cameras/sony-starvis-imx462-ultra-low-light-camera.asp,IMX462,-30°C to 60°C,Yes,2mp usb3 ir x86 color fixed rolling hd low-light sony 100fps with-enclosure 2-9ps 1-28 smart_surveillance smart_traffic ophthalmology yes starvis usb-cameras,2,100FPS,25,all usb-cameras usb-3-camera,1/2.8,/order-now/see3cam-cu27.asp#cu27,Sony Starvis IMX462 Ultra Low Light USB Camera,Color & NIR,100,USB 3.0,2.0 MP
See3CAM_CU22,/usb-hdr-camera-with-led-flicker-mitigation.asp,AR0233AT,-40°C to 85°C,Yes,fixed color 2mp usb3 rolling hdr hd low-light x86 onsemi 60fps with-enclosure kiosk inside_vehicle auto_farming smart_traffic retail_kiosk 3ps 1-25 yes,2,60FPS,26,all usb-cameras2,1/2.5,/order-now/see3cam_cu22.asp#2mpcu22box,HDR USB Camera with LFM,Color,60,USB 3.0,2.0 MP
See3CAM_CU20,/wide-temperature-range-hdr-usb-cameraboard.asp,AR0230AT,-40°C to 85°C,Yes,fixed color 2mp usb3 rolling hdr hd low-light x86 onsemi 60fps with-enclosure kiosk inside_vehicle smart_traffic retail_kiosk smart_checkout_and_carts access_control_and_analytics 3ps 1-27 yes grr,2,60FPS,27,all usb-cameras2,1/2.7,/order-now/see3cam_cu20.asp#CU20USB,Wide temperature range HDR Camera,Color,60,USB 3.0,Full HD
See3CAM_27CUG,/usb-cameras/2mp-ov2312-global-shutter-rgb-ir-camera.asp,OV2312,-40°C to +80°C,Yes,2mp usb3 color ir x86 colornir fixed Global rgbir 2-1ps 30fps OmniVision without-enclosure yes usb-3-camera,2,36FPS,28,all usb-cameras usb-3-camera global-shutter,1/2.9,/order-now/see3cam_27cug.asp#See3CAM_27CUG,,Color & NIR,36,USB 3.0,2.0 MP
See3CAM_20CUG,/industrial-cameras/ov2311-monochrome-global-shutter-camera.asp,OV2311,-30°C to 85°C,No,fixed monochrome ir 2mp usb3 Global hd x86 OmniVision 200fps ophthalmology autonomous_mobile_robots with-enclosure 3ps 1-29 no usb-cameras,2,280FPS,29,all usb-cameras usb-3-camera,1/2.9,/order-now/see3cam_20cug.asp#20cug_camera,2.0 MP Global Shutter Camera,Mono & NIR,280,USB 3.0,2.0 MP
See3CAM_CU130,/UltraHD-USB-Camera.asp,AR1820,-30°C to 70°C,Yes,fixed color 13mp usb3 rolling hd ultra-hd x86 onsemi 60fps with-enclosure parking_lot_management access_control_and_analytics smart_classrooms plm 1-25ps 1-23 yes grr,13,60FPS,30,,1/2.3,/order-now/see3cam_cu130.asp,,Color,60,USB 3.0,13.0 MP
FSCAM_CU135,/multi-frame-buffer-camera.asp,AR1335,0°C to 85°C,Yes,300-2000 fixed color 13mp usb3 rolling hd ultra-hd x86 onsemi 100fps without-enclosure 1-1ps 1-32 yes grr,13,120FPS,31,all usb-cameras2,1/3.2,/order-now/fscam_cu135.asp#FSCAM_CU135,4K Multi-frame buffer camera,Color,120,USB 3.0,13.0 MP
See3CAM_CU38,/usb-cameras/full-hd-low-light-usb-camera-with-stereo-mic.asp,AR0330,-30°C to 70°C,Yes,fixed color ir 3-4mp usb3 rolling low-light x86 onsemi 60fps without-enclosure 2-2ps 1-3 yes grr,3,60FPS,32,,1/3,/webstore.asp,3.4 MP Low Light USB Camera,Color & NIR,60,USB 3.0,3.4 MP
See3CAM_CU30,/ar0330-lowlight-usb-cameraboard.asp,AR0330,-30°C to 70°C,Yes,fixed color ir 3-4mp usb3 rolling low-light x86 onsemi 60fps with-enclosure access_control_and_analytics 2-2ps 1-3 yes grr,3,60FPS,33,,1/3,/order-now/see3cam_cu30.asp#See3CAM_CU30,3.4 MP Low Light USB Camera Board,Color & NIR,60,USB 3.0,3.4 MP
See3CAM_CU31,/usb-cameras/sony-isx031-120db-hdr-camera.asp,ISX031,-40°C to 85°C,Yes,fixed color 3-4mp usb3 sonysubpixel rolling hdr x86 30fps without-enclosure with-enclosure access_control_and_analytics 2-2ps 1-24 yes grr,3,30FPS,34,all usb-cameras2,1/2.42,/webstore.asp,Sony&reg; ISX031 3MP 120dB HDR USB Camera,Color,30,USB 3.0,3.0 MP
See3CAM_30,/ar0330-liquid-lens-usb-camera-board.asp,AR0330,-30°C to 70°C,Yes,auto color 3-4mp usb3 rolling low-light x86 onsemi 60fps without-enclosure assistive_technology dermatology 2-2ps 1-3 yes grr,3,60FPS,35,,1/3,/order-now/see3cam_30.asp#See3CAM_30,3.4 MP Liquid lens USB Camera,Color,60,USB 3.0,3.4 MP
See3CAM_10CUG,/1MP-USB3-Globalshutter-Camera.asp,AR0134,-40°C to 85°C,No,fixed monochrome 1-3mp usb3 Global hd x86 onsemi 60fps without-enclosure aerial_survey 3-75ps 1-3 no,1,60FPS,36,,1/3,/webstore.asp#10CUG_CLMH,1.3 MP Global Shutter Camera,Mono,60,USB 3.0,1.3 MP
DepthVista_USB_RGBIRD,/3d-depth-cameras/tof-cameras/usb-interface-3d-tof-camera.asp,Depth sensor + AR0234,0°C to 50°C,Yes,fixed color ir colornir depth 0-3mp x86 usb3 Global tof onsemi 30fps with-enclosure autonomous_mobile_robots 1-4 2-6 yes usb-cameras 3d-depth-camera,0,30FPS,37,all usb-cameras usb-3-cameras 3d-depth-camera usb-cameras2,"Depth: 1/4, AR0234: 1/2.6",/order-now/see3cam_tof_25cug.asp#depthvista,,"Color,NIR & Depth",30,USB 3.0,0.3 MP
DepthVista_USB_IRD,/3d-depth-cameras/tof-cameras/3d-tof-usb-camera-with-depth-and-ir-imaging.asp,Depth sensor,0°C to 50°C,No,fixed ir depth 0-3mp x86 usb3 Global tof 30fps with-enclosure autonomous_mobile_robots 1-4 2-6 no usb-cameras 3d-depth-camera,0,30FPS,38,all usb-cameras usb-3-cameras 3d-depth-camera,Depth: 1/4,/webstore.asp,,Depth & IR,30,USB 3.0,0.3 MP
e-CAM82_USB,/usb-cameras/sony-imx415-4k-usb-camera.asp,IMX415,0°C to 70°C,Yes,fixed color 8mp usb2 rolling x86 hd ultra-hd sony 60fps without-enclosure low-light ultra_lowlight 1-45ps 1-28 retail_kiosk access_control_and_analytics yes starvis,8,60FPS,39,,1/2.8,/order-now/e-cam82_usb.asp,Sony STARVIS&trade; 4K Ultra-HD USB Camera,Color,60,USB 2.0,8.0 MP
e-CAM83_USB,/usb-cameras/4k-sony-imx317-8mp-usb-camera.asp,IMX317,0°C to 70°C,Yes,fixed color 8mp usb2 rolling x86 hd ultra-hd hdr sony 30fps with-enclosure 1-62ps 1-25 retail_kiosk yes exmor,8,30FPS,40,,1/2.5,/order-now/e-cam83_usb.asp,4K High resolution HDR USB camera,Color,30,USB 2.0,8.0 MP
Hyperyon&reg;,/usb-cameras/imx290-low-light-usb-camera.asp,IMX290,-30°C to 70°C,Yes,fixed color 2mp usb2 rolling x86 hdr sony 60fps without-enclosure auto_farming low-light ultra_lowlight 2-9ps 1-28 yes starvis,2,60FPS,41,,1/2.8,/order-now/e-cam22_usb.asp,2MP Low Light USB 2.0 Camera,Color,60,USB 2.0,2.0 MP
e-CAM51_USB,/5mp-usb-camera-module.asp,OV5640,0°C to 50°C,Yes,auto color 5mp usb2 rolling hd x86 OmniVision 30fps without-enclosure handheld kiosk 1-4ps 1-4 yes,5,30FPS,42,,1/4,/webstore.asp#51usb,5MP USB Board Camera,Color,30,USB 2.0,5.0 MP
EdgeECAM50_USB  (Smart AI Camera),/usb-cameras/medical-and-life-science/edge-ai-camera.asp,AR0521,-,Yes,5mp usb2 color x86 fixed rolling 60fps onsemi smartcam without-enclosure 1-25 yes usb-cameras smart-camera,5,60FPS,43,all usb-cameras usb-3-camera smart-camera usb-cameras2,1/2.5,/webstore.asp#EdgeECAM50_USB,,Color,60,USB 2.0,5.0 MP
Tara,/3D-USB-stereo-camera.asp,MT9V024,-30°C to 70°C,No,fixed monochrome 0-3mp usb3 Global stereo x86 onsemi 60fps with-enclosure dentistry biometrics_border_control 6ps 1-3 no,0,60FPS,44,,1/3,/webstore.asp#tara_Stereo_Vision_camera,Tara - USB 3.0 Stereo Vision Camera,Mono,60,USB 3.0,0.3 MP
See3CAM_CX3_RDK_H01R2,/CX3-Reference-Design-Kit.asp,OV5640,,Yes,auto color 5mp usb3 rolling hd x86 OmniVision 60fps without-enclosure handheld 1-4ps 1-4 yes,5,60FPS,45,,1/4,/webstore.asp#CX3price,CX3 Reference design,Color,60,USB 3.0,5.0 MP
e-CAM160A_MI298_MOD,/camera-modules/16mp-sony-imx298-autofocus-mipi-camera-module.asp,IMX298,-20°C to 70°C,No,auto color 16mp mipi rolling hd ultra-hd sony 60fps without-enclosure 1-12ps 1-28 industrial_tablets dermatology access_control_and_analytics no exmor camera-modules,16,60FPS,46,all camera-modules high-resolution,1/2.8,/webstore.asp,16MP AutoFocus Camera Module,Color,60,MIPI CSI-2,16.0 MP
e-CAM86_CUMI715C_MOD,/camera-modules/sony-starvis-imx715-8mp-low-light-camera-module.asp,IMX715,-30°C to 70°C,No,fixed raw-bayer 8mp mipi rolling sony starvis 60fps hd ultra-hd without-enclosure low-light ultra_lowlight 1-45ps 60fps 1-28 quality_control_inspection sports_broadcasting no starvis,8,90FPS,47,high-resolution,1/2.8,/webstore.asp,8MP 4K IMX715 Low light Camera Module,RAW Bayer,90,MIPI CSI-2,8.0 MP
e-CAM85_CUMI0830C_NIR_MOD,/camera-modules/8mp-rgb-ir-camera-module.asp,AR0830,-30°C to 85°C,Yes,fixed color ir colornir 8mp mipi rolling 60fps hd ultra-hd without-enclosure yes camera-modules,8,60FPS,48,all camera-modules high-resolution,1/2.9,/webstore.asp,,Color & NIR,60,MIPI CSI-2,8.0 MP
e-CAM83_CUMI415_MOD,/camera-modules/imx415-sony-starvis-4k-low-light-camera-module.asp,IMX415,-30°C to 70°C,No,fixed raw-bayer 8mp mipi rolling sony 60fps hd ultra-hd without-enclosure low-light ultra_lowlight 1-45ps 1-28 quality_control_inspection sports_broadcasting no starvis camera-modules,8,90FPS,49,all camera-modules high-resolution,1/2.8,/webstore.asp#e-CAM83_CUMI415_MOD,8MP 4K IMX415 Low light Camera Module,RAW Bayer,90,MIPI CSI-2,8.0 MP
e-CAM84_CUMI485C_MOD,/camera-modules/8mp-sony-imx485-high-sensitivity-ultra-lowlight-camera-module.asp,IMX485,-30°C to 70°C,No,fixed color low-light 8mp mipi rolling ultra-hd hd sony 60fps without-enclosure 2-9ps 1-12 smart_surveillance no starvis camera-modules,8,90FPS,50,all camera-modules,1/1.2,/webstore.asp,8MP Ultra Low Light Camera Module,Color,90,MIPI CSI-2,8.0 MP
e-CAM220_CUMI327_MOD,/camera-modules/imx327-sony-starvis-full-hd-camera-module.asp,IMX327,-30°C to 85°C,No,fixed raw-bayer 2mp mipi rolling sony 60fps without-enclosure low-light street_surveil ultra_lowlight 2-8ps 1-28 fleet_management quality_control_inspection no  starvis camera-modules,2,60FPS,51,all camera-modules,1/2.8,/webstore.asp,Full HD Ultra-Lowlight Camera Module,RAW Bayer,60,MIPI CSI-2,2.0 MP
e-CAM221_CUMI462_MOD,/camera-modules/sony-starvis-imx462-low-light-camera-module.asp,IMX462,-30°C to 85°C,No,fixed raw-bayer color low-light 2mp mipi rolling hd sony 100fps without-enclosure 2-9ps 1-28 smart_surveillance smart_traffic ophthalmology no starvis camera-modules,2,120FPS,52,all camera-modules,1/2.8,/webstore.asp,2MP Ultra Low Light Camera Module,Color,120,MIPI CSI-2,Full HD
e-CAM21_CUMI290_MOD,/imx290-sony-starvis-cmos-camera-module.asp,IMX290,-30°C to 85°C,No,fixed raw-bayer 2mp mipi rolling hdr sony 100fps without-enclosure laboratory_equipment low-light ultra_lowlight 2-9ps 1-28 no starvis camera-modules,2,120FPS,53,all camera-modules,1/2.8,/webstore.asp#cumi290mod,2MP IMX290 ultra-lowlight Camera Module,RAW Bayer,120,MIPI CSI-2,2.0 MP
e-CAM27_CUMI290_MOD,/camera-modules/imx290-sony-starvis-2mp-camera-module.asp,IMX290,-30°C to 85°C,Yes,fixed color 2mp mipi rolling hdr sony 60fps without-enclosure laboratory_equipment low-light ultra_lowlight 2-9ps 1-28 yes starvis camera-modules,2,60FPS,54,all camera-modules,1/2.8,/webstore.asp,2MP IMX290 ultra-lowlight Camera Module,Color,60,MIPI CSI-2,2.0 MP
e-CAM137A_CUMI1335_MOD,/ar1335-camera-module.asp,AR1335,-30°C to 70°C,Yes,300-2000 fixed color 13mp mipi rolling hd ultra-hd onsemi 100fps without-enclosure biometrics_border_control smart_classrooms 1-1ps 1-32 yes,13,100FPS,55,all camera-modules2 high-resolution,1/3.2,/webstore.asp#137CUMI1335MOD,13MP AR1335 FixedFocus Camera Module,Color,100,MIPI CSI-2,13.0 MP
e-CAM131_CUMI1335_MOD,/4k-camera-module.asp,AR1335,-30°C to 70°C,Yes,300-2000 fixed color 13mp mipi rolling hd ultra-hd onsemi 100fps without-enclosure ophthalmology dentistry assistive_technology dermatology biometrics_border_control smart_classrooms 1-1ps 1-32 yes camera-modules,13,120FPS,56,all camera-modules camera-modules2 high-resolution,1/3.2,/webstore.asp#CUMI1335,13MP 4K Camera Module,Color,120,MIPI CSI-2,13.0 MP
e-CAM130_CUMI1820_MOD,/13MP_MIPI_camera_module.asp,AR1820,-30°C to 70°C,Yes,fixed color 13mp mipi rolling hd ultra-hd onsemi 60fps without-enclosure plm 1-25ps 1-23 yes,13,72FPS,57,,1/2.3,/webstore.asp,13MP AR1820HS MIPI Camera Module,Color,72,MIPI CSI-2,13.0 MP
e-CAM130_MI1335_MOD,/13mp-onsemi-autofocus-mipi-camera-module.asp,AR1335,-30°C to 70°C,Yes,300-2000 auto color 13mp mipi rolling hd ultra-hd onsemi 100fps without-enclosure assistive_technology dermatology industrial_tablets 1-1ps 1-32 yes camera-modules,13,120FPS,58,all camera-modules camera-modules2 high-resolution,1/3.2,/webstore.asp,13MP AutoFocus Camera Module,Color,120,MIPI CSI-2,13.0 MP
e-CAM82_CUMI0821_MOD,/camera-modules/4k-8mp-hdr-camera-module-ar0821-sensor.asp,AR0821,-30°C to 70°C,Yes,fixed color 8mp mipi rolling onsemi 30fps hd hdr ultra-hd without-enclosure 2-1ps 1-2 kiosk auto_farming parking_lot_management sports_broadcasting laboratory_equipment smart_traffic retail_store_automation yes camera-modules,8,30FPS,59,all camera-modules camera-modules2 high-resolution hdr,1/1.7,/webstore.asp,8MP (4K) HDR MIPI Camera Module,Color,30,MIPI CSI-2,8.0 MP
e-CAM85_CUMI0830C_MOD,/camera-modules/8mp-ar0830-camera-module.asp,AR0830,-30°C to 85°C,Yes,color 8mp mipi rolling onsemi 100fps without-enclosure yes camera-modules,8,120FPS,60,all camera-modules high-resolution,1/2.9,/webstore.asp,,Color,120,MIPI CSI-2,8.0 MP
e-CAM87_CUMI585_MOD,/camera-modules/sony-starvis-2-imx585-4k-camera-module.asp,IMX585,-30°C to 70°C,No,raw-bayer 8mp mipi rolling sonyStarvisTwo low-light 60fps without-enclosure no camera-modules,8,90FPS,61,all camera-modules,1/1.2,/webstore.asp,,RAW Bayer,90,MIPI CSI-2,8.0 MP
e-CAM521_CUMI568C_MOD,/camera-modules/5mp-sony-pregius-imx568-global-shutter-camera-module.asp,IMX568,-30°C to 75°C,No,raw-bayer 5mp mipi Global sonyPregiusS 60fps without-enclosure no camera-modules,5,79FPS,62,all camera-modules global-shutter,1/1.8,/webstore.asp,,RAW Bayer,79,MIPI CSI-2,5.0 MP
e-CAM55_CUMI0521_MOD,/5mp-ar0521-mipi-camera-module.asp,AR0521,-30°C to 70°C,Yes,fixed color 5mp mipi rolling onsemi 100fps without-enclosure 2-2ps 1-25 low-noise hd laboratory_equipment dermatology quality_control_inspection smart_checkout_and_carts yes camera-modules,5,100FPS,63,all camera-modules camera-modules2,1/2.5,/webstore.asp#cumi0521,5MP AR0521 MIPI Camera Module,Color,100,MIPI CSI-2,5.0 MP
e-CAM52A_MI5640_MOD,/ov5640-5mp-mipi-camera-module.asp,OV5640,-30°C to 70°C,Yes,auto color 5mp mipi rolling hd OmniVision 60fps without-enclosure handheld 1-4ps 1-4 yes,5,60FPS,64,,1/4,/webstore.asp,5 MP MIPI Camera Module,Color,60,MIPI CSI-2,5.0 MP
e-CAM52A_5640_MOD,/5MP-parallel-camera-module.asp,OV5640,-30°C to 70°C,Yes,auto color 5mp parallel rolling hd OmniVision 60fps without-enclosure handheld 1-4ps 1-4 yes,5,60FPS,65,,1/4,/webstore.asp,5 MP Parallel Camera Module,Color,60,Parallel,5.0 MP
e-CAM314_CUMI0341C_MOD,/camera-modules/3mp-ar0341at-150db-hdr-camera-module.asp,AR0341,-40°C to 80°C,Yes,raw-bayer 3mp mipi hdr rolling onsemi 60fps without-enclosure yes camera-modules,3,60FPS,66,all camera-modules hdr,1/3.6,/webstore.asp,,Color,60,MIPI CSI-2,3.0 MP
e-CAM31_MI0330_MOD,/ar0330-liquid-lens-camera-module.asp,AR0330,-30°C to 70°C,Yes,auto color 3-4mp mipi rolling low-light onsemi 60fps without-enclosure 2-2ps 1-3 yes,3,60FPS,67,,1/3,/webstore.asp,3.4 MP AF Liquid Lens Camera Module,Color,60,MIPI CSI-2,3.4 MP
e-CAM30A_CUMI0330_MOD,/ar0330-lowlight-cameramodule.asp,AR0330,-30°C to 70°C,Yes,fixed color ir 3-4mp mipi rolling low-light hd onsemi 60fps without-enclosure ophthalmology dentistry laboratory_equipment 2-2ps 1-3 yes,3,60FPS,68,,1/3,/webstore.asp#CU30AUSB_MOD,3.4 MP Low Light Camera Module,Color & NIR,60,MIPI CSI-2,3.4 MP
e-CAM227_CUMI2312C_MOD,/camera-modules/2mp-ov2312-global-shutter-rgb-ir-camera-module.asp,OV2312,-40°C to +80°C,Yes,2mp mipi color ir colornir fixed Global rgbir 2-1ps 30fps OmniVision without-enclosure yes camera-modules,2,36FPS,69,all camera-modules global-shutter,1/2.9,/webstore.asp,,Color & NIR,36,MIPI CSI-2,2.0 MP
e-CAM222_CUMI2311_MOD,/camera-modules/global-shutter-monochrome-camera-module.asp,OV2311,-30°C to 85°C,No,fixed monochrome 2mp mipi Global hd OmniVision 200fps 3ps 1-29 without-enclosure no camera-modules,2,280FPS,70,all camera-modules global-shutter,1/2.9,/webstore.asp,2.0 MP Monochrome MIPI Camera Module,Mono,280,MIPI CSI-2,2.0 MP
e-CAM217_CUMI0234_MOD,/camera-modules/ar0234-global-shutter-camera-module.asp,AR0234,-30°C to 70°C,Yes,fixed color 2mp mipi Global onsemi hd 100fps without-enclosure 3ps 1-26 autonomous_mobile_robots smart_traffic yes camera-modules,2,120FPS,71,all camera-modules camera-modules2 global-shutter,1/2.6,/webstore.asp#cumi0234mod,Full HD Color Global Shutter Camera Module,Color,120,MIPI CSI-2,Full HD
e-CAM20_CU0230_MOD,/2mp-ar0230-hdr-camera-module-for-automotive.asp,AR0230AT,-40°C to 105°C,Yes,fixed color 2mp parallel hdr rolling 60fps without-enclosure onsemi low-light kiosk inside_vehicle auto_farming smart_surveillance smart_traffic smart_checkout_and_carts 3ps 1-27 yes,2,60FPS,72,all camera-modules2,1/2.7,/webstore.asp#CU0230_MOD,2MP Wide temperature Range Industrial grade Camera module,color,60,Parallel,Full HD
e-CAM180_CUMI1820_MOD,/camera-modules/ar1820-18mp-camera-module.asp,AR1820,-30°C to 70°C,No,fixed color 18mp mipi rolling hd ultra-hd onsemi 100fps without-enclosure 1-25ps 1-23 smart_surveillance no,18,119FPS,73,,1/2.3,/webstore.asp,18MP AR1820 MIPI Camera Module,Color,119,MIPI CSI-2,18.0 MP
e-CAM121_CUMI412C_MOD,/camera-modules/sony-imx412-12mp-camera-module.asp,IMX412,-20°C to 60°C,No,fixed color 12mp mipi rolling hd ultra-hd sony 200fps without-enclosure 1-55ps 1-23 no starvis camera-modules,12,240FPS,74,all camera-modules high-resolution,1/2.3,/webstore.asp,12.3 MP IMX412 MIPI Camera Module,Color,240,MIPI CSI-2,12.3 MP
e-CAM120_CUMI477C_MOD,/camera-modules/12mp-sony-imx477-camera-module.asp,IMX477,,No,fixed color 12mp mipi rolling hd ultra-hd sony 200fps without-enclosure 1-55ps 1-23 no exmor camera-modules,12,240FPS,75,all camera-modules high-resolution,1/2.3,/webstore.asp,12 MP IMX477 MIPI Camera Module,Color,240,MIPI CSI-2,12.3 MP
e-CAM519_CUMI335_MOD,/camera-modules/5mp-sony-starvis-imx335-camera-module.asp,IMX335,,No,fixed color 5mp mipi rolling hd sony 30fps without-enclosure 2ps 1-28 no starvis,5,30FPS,76,,1/2.8,/webstore.asp,,Color,30,MIPI CSI-2,5.0 MP
e-CAM200_CUONX&nbsp;&nbsp;(Orin NX/NANO),/nvidia-cameras/jetson-orin-nx-cameras/20mp-ar2020-high-resolution-camera.asp,AR2020,-30°C to 70°C,No,fixed color colornir ir 20mp mipi rolling orinnx grr onsemi lt30fps without-enclosure 2-2ps 1-23 smart_surveillance no,20,29FPS,77,all nvidia-camera platform,1/1.8,/webstore.asp,20MP AR2020 high resolution camera for NVIDIA&reg; Jetson Orin NX / Orin Nano,Color & NIR,29,MIPI CSI-2,20.0 MP
e-CAM121_CUONX&nbsp;&nbsp;(Orin NX/NANO),/nvidia-cameras/jetson-orin-nx-cameras/12mp-sony-starvis-imx412-ultra-low-light-camera.asp,IMX412,-20°C to 60°C,No,fixed color 13mp mipi rolling orinnx orinnano starvis 200fps without-enclosure 2-2ps 1-23 low-light hd smart_surveillance no,12.3,240FPS,78,platform,1/2.3,/webstore.asp#ecam80cunx,12MP Sony&reg; Starvis&trade; IMX412 Ultra Low Light Camera,Color,240,MIPI CSI-2,12.3 MP
e-CAM56_CUONX&nbsp;&nbsp;(Orin NX/NANO),/nvidia-cameras/jetson-orin-nx-cameras/5mp-imx568-global-shutter-camera.asp,IMX568,-30°C to 70°C,No,raw-bayer 5mp mipi Global sonyPregiusS orinnx orinnano 60fps without-enclosure no camera-modules,5,90FPS,79,platform,1/1.8,/webstore.asp,,Color,90,MIPI CSI-2,5.0 MP
e-CAM50_CUONX&nbsp;&nbsp;(Orin NX/NANO),/nvidia-cameras/jetson-orin-nx-cameras/5mp-ar0521-color-camera.asp,AR0521,-30°C to 70°C,Yes,fixed color 5mp mipi rolling orinnx orinnano onsemi 100fps without-enclosure 2-2ps 1-25 low-noise hd smart_surveillance yes,5,100FPS,80,all nvidia-camera,1/2.5,/webstore.asp#e-CAM50_CUONX,5MP Camera for Jetson Orin NX/NANO,Color,100,MIPI CSI-2,5.0 MP
e-CAM84_CUONX&nbsp;&nbsp;(Orin NX/Nano),/nvidia-cameras/jetson-orin-nx-cameras/4k-onsemi-ar0830-camera.asp,AR0830,-30°C to 70°C,Yes,8mp mipi orinnx orinnano color fixed rolling 1-29 100fps without-enclosure yes onsemi,8,120FPS,81,platform,1/2.9,/webstore.asp,4K onsemi AR0830 Camera for NVIDIA&reg; Jetson Orin NX/Nano,Color,120,MIPI CSI-2,8.0 MP
e-CAM82_CUONX&nbsp;&nbsp;(Orin NX/Nano),/nvidia-cameras/jetson-orin-nx-cameras/4k-imx485-camera.asp,IMX485,-30°C to 70°C,Yes,8mp mipi orinnx orinnano color fixed rolling low-light 1-2 60fps without-enclosure yes starvis,8,90FPS,82,,1/2,/webstore.asp,4K Sony&reg; STARVIS&trade; IMX485 Camera for NVIDIA&reg; Jetson Orin NX/Nano,Color,90,MIPI CSI-2,8.4 MP
e-CAM81_CUONX&nbsp;&nbsp;(Orin NX/Nano),/nvidia-cameras/jetson-orin-nx-cameras/ar0821-4k-hdr-camera.asp,AR0821,-30°C to 70°C,Yes,8mp mipi orinnx orinnano color fixed rolling hdr 1-17 60fps without-enclosure yes onsemi,8,60FPS,83,,1/1.7,/webstore.asp,4K HDR Camera for NVIDIA&reg; Jetson Orin NX/Nano,Color,60,MIPI CSI-2,8.0 MP
e-CAM80_CUONX&nbsp;&nbsp;(Orin NX/Nano),/nvidia-cameras/jetson-orin-nx-cameras/4K-sony-starvis-imx415-ultra-low-light-camera.asp,IMX415,-30°C to 70°C,No,8mp mipi orinnx orinnano color fixed rolling low-light ultra-hd hd sony 1-45ps 60fps without-enclosure 1-28 autonomous_mobile_robots smart_traffic quality_control_inspection no starvis,8,70FPS,84,platform,1/2.8,/webstore.asp#ecam80cunx,Sony 4K Camera for NVIDIA&reg; Jetson Orin NX/Nano,Color,70,MIPI CSI-2,8.0 MP
e-CAM25_CUONX&nbsp;&nbsp;(Orin NX/Nano),/nvidia-cameras/jetson-orin-nx-cameras/full-hd-ar0234-global-shutter-camera.asp,AR0234,-30°C to 70°C,Yes,fixed color 2mp mipi Global orinnx orinnano onsemi hd 100fps without-enclosure 3ps 1-26 autonomous_mobile_robots smart_traffic yes,2,120FPS,85,all nvidia-camera platform,1/2.6,/webstore.asp#ecam25cuonx,Global Shutter Camera for Jetson Orin NX/NANO,Color,120,MIPI CSI-2,Full HD
e-CAM50_CUNX&nbsp;&nbsp;(Xavier NX/NANO),/nvidia-cameras/jetson-nx-cameras/5mp-mipi-camera-board.asp,AR0521,-30°C to 70°C,Yes,fixed color 5mp mipi rolling nx nano onsemi 100fps without-enclosure 2-2ps 1-25 low-noise hd smart_surveillance yes,5,100FPS,86,all nvidia-camera,1/2.5,/webstore.asp#5mpnxcamera,5MP Camera for Jetson Xavier NX/NANO,Color,100,MIPI CSI-2,5.0 MP
e-CAM80_CUNX&nbsp;&nbsp;(Xavier NX/Nano),/nvidia-cameras/jetson-xavier-nx-cameras/sony-starvis-imx415-4k-mipi-camera.asp,IMX415,-30°C to 70°C,No,8mp mipi nano nx color fixed rolling low-light ultra-hd hd sony 1-45ps 60fps without-enclosure 1-28 autonomous_mobile_robots smart_traffic quality_control_inspection no starvis,8,70FPS,87,platform,1/2.8,/webstore.asp#ecam80cunx,Sony 4K Camera for NVIDIA&reg; Jetson Xavier&trade; NX,Color,70,MIPI CSI-2,8.0 MP
e-CAM24_CUNX&nbsp;(Xavier NX/Nano/TX2 NX),/nvidia-cameras/jetson-xavier-nx-cameras/full-hd-xavier-nx-global-shutter-camera.asp,AR0234,-30°C to 70°C,Yes,fixed color 2mp mipi Global nano tx2-nx nx onsemi hd 100fps without-enclosure 3ps 1-26 autonomous_mobile_robots smart_traffic yes,2,120FPS,88,all nvidia-camera platform,1/2.6,/webstore.asp#24cunx,Global Shutter Camera for Jetson Xavier NX/TX2 NX/NANO,Color,120,MIPI CSI-2,Full HD
e-CAM131_CUNX&nbsp;&nbsp;(Xavier NX/NANO),/nvidia-cameras/jetson-xavier-nx-cameras/4k-camera-for-jetson-nano-xavier-nx.asp,AR1335,-30°C to 70°C,Yes,fixed color 13mp mipi rolling nx nano onsemi 100fps without-enclosure 1-1ps 1-32 hd ultra-hd yes 300-2000,13,115FPS,89,all nvidia-camera platform,1/3.2,/webstore.asp#13mpnxcamera,13MP Camera for Jetson Xavier NX/NANO,Color,115,MIPI CSI-2,13.0 MP
e-CAM23_CUNX&nbsp;&nbsp;(Xavier NX),/nvidia-cameras/jetson-xavier-nx-cameras/2mp-ov2311-global-shutter-monochrome-camera.asp,OV2311,-30°C to 85°C,No,fixed monochrome 2mp mipi OmniVision Global 200fps without-enclosure NX low-light street_surveil ultra_lowlight 2-9ps 1-29 no,2,280FPS,90,platform,1/2.9,/webstore.asp,2MP Global Shutter Monochrome Camera for Jetson Xavier NX,Mono,280,MIPI CSI-2,2.0 MP
e-CAM22_CUNX&nbsp;&nbsp;(Xavier NX),/nvidia-cameras/jetson-xavier-nx-cameras/sony-starvis-imx462-ultra-low-light-camera.asp,IMX462,-30°C to 85°C,No,fixed color 2mp mipi rolling low-light hd nx sony 60fps without-enclosure 2-9ps 1-28 smart_surveillance smart_traffic sports_broadcasting parking_lot_management ophthalmology no starvis,2,60FPS,91,,1/2.8,/webstore.asp#22cunx,Full HD IMX327 Camera for Jetson Xavier NX,Color,60,MIPI CSI-2,2.0 MP
e-CAM21_CUNX&nbsp;&nbsp;(Xavier NX),/nvidia-cameras/jetson-xavier-nx-cameras/sony-imx327-ultra-low-light-camera.asp,IMX327,-30°C to 85°C,No,fixed color 2mp mipi rolling low-light hd nx sony 60fps without-enclosure 2-9ps 1-28 no starvis,2,60FPS,92,,1/2.8,/webstore.asp,Full HD IMX327 Camera for Jetson Xavier NX,Color,60,MIPI CSI-2,2.0 MP
e-CAM82_CUNX&nbsp;&nbsp;(Xavier NX),/nvidia-cameras/jetson-xavier-nx-cameras/4k-sony-starvis-imx485-camera.asp,IMX485,-30°C to 70°C,No,fixed color 8mp mipi rolling sony starvis 60fps hd low-light with-enclosure 2-1ps 1-2 nx no,8,62FPS,93,,1/1.2,/webstore.asp,,Color,62,MIPI CSI-2,8.0 MP
e-CAM81_CUNX&nbsp;&nbsp;(Xavier NX/TX2 NX/Nano),/nvidia-cameras/jetson-tx2-nx-cameras/ar0821-8mp-hdr-camera.asp,AR0821,-30°C to 70°C,Yes,fixed color 8mp mipi rolling onsemi 30fps hd hdr ultra-hd without-enclosure 2-1ps 1-2 nano tx2-nx nx kiosk auto_farming parking_lot_management sports_broadcasting laboratory_equipment smart_traffic retail_store_automation yes,8,30FPS,94,all nvidia-camera platform,1/1.7,/webstore.asp#ecam81cunx,Four Synchronized Sony STARVIS&trade; IMX327 Ultra Low-Light MIPI Camera,Color,30,MIPI CSI-2,8.0 MP
e-CAM180_CUNX &nbsp;&nbsp;(Xavier NX),/nvidia-cameras/jetson-xavier-nx-cameras/18mp-camera-for-jetson-xavier-nx.asp,AR1820,-30°C to 70°C,No,fixed color 18mp mipi rolling nx onsemi 30fps without-enclosure 1-25ps 1-23 hd ultra-hd smart_surveillance no,18,59FPS,95,,1/2.3,/webstore.asp,13MP Camera for Jetson Xavier NX,Color,59,MIPI CSI-2,18.0 MP
e-CAM180_CUXVR &nbsp;&nbsp;(AGX Xavier),/nvidia-cameras/jetson-agx-xavier-cameras/six-synchronized-18mp-camera.asp,AR1820,-30°C to 70°C,No,fixed color 18mp mipi rolling xavier onsemi lt30fps without-enclosure ultra-hd hd smart_traffic street_surveil parking_lot_management 1-25ps 1-23 no,18,13FPS,96,,1/2.3,/webstore.asp,Six Synchronized 18MP Cameras for Jetson AGX Xavier&trade;,Color,13,MIPI CSI-2,18.0 MP
e-CAM130A_CUXVR_3H02R1&nbsp;&nbsp;(AGX Xavier),/nvidia-cameras/jetson-agx-xavier-cameras/180-degree-4k-cameras.asp,AR1335,-20°C to 60°C,Yes,fixed color 13mp mipi rolling xavier onsemi 30fps without-enclosure ultra-hd smart_traffic sports_broadcasting autonomous_mobile_robots 1-1ps 1-32 yes,13,30FPS,97,all nvidia-camera platform,1/3.2,/webstore.asp,Multi-Camera solution with 180° image stitching,Color,30,MIPI CSI-2,13.0 MP
e-CAM81_CUXVR&nbsp;&nbsp;(AGX Xavier),/nvidia-cameras/jetson-agx-xavier-cameras/ar0821-4k-hdr-cameras.asp,AR0821,-30°C to 70°C,Yes,fixed color 8mp mipi rolling xavier hdr onsemi 60fps without-enclosure ultra-HD 2-1ps 1-2 yes,8,60FPS,98,all nvidia-camera platform,1/1.7,/webstore.asp#81CUXVR,4K HDR Cameras for Jetson AGX Xavier&trade;,Color,60,MIPI CSI-2,8.0 MP
e-CAM51_CUXVR&nbsp;&nbsp;(AGX Xavier),/aetina/jetson-agx-xavier-cameras/ar0521-5mp-synchronized-multi-camera.asp,AR0521,-30°C to 70°C,Yes,fixed color 5mp mipi rolling xavier onsemi 100fps without-enclosure  2-2ps 1-25 yes,5,100FPS,99,all nvidia-camera,1/2.5,/webstore.asp,,Color,100,MIPI CSI-2,5.0 MP
e-CAM25_CUXVR&nbsp;&nbsp;(AGX Xavier),/nvidia-cameras/jetson-agx-xavier-cameras/ar0234-global-shutter-camera.asp,AR0234,-30°C to 70°C,Yes,2mp mipi xavier color fixed Global hd onsemi 100fps without-enclosure 3ps 1-26 smart_traffic auto_farming autonomous_mobile_robots yes,2,120FPS,100,all nvidia-camera platform,1/2.6,/webstore.asp,Synchronized Global Shutter Multi-Camera (AGX Xavier),Color,120,MIPI CSI-2,Full HD
e-CAM24_CUXVR&nbsp;&nbsp;(AGX Xavier),/nvidia-cameras/jetson-agx-xavier-cameras/2mp-ov2311-global-shutter-monochrome-camera.asp,OV2311,-30°C to 85°C,No,fixed monochrome 2mp OmniVision mipi Global 200fps without-enclosure xavier low-light street_surveil ultra_lowlight 2-9ps 1-29 no,2,280FPS,101,platform,1/2.9,/webstore.asp,2MP Global Shutter Monochrome Camera (Xavier),Mono,280,MIPI CSI-2,2.0 MP
e-CAM23_CUXVR&nbsp;&nbsp;(AGX Xavier),/nvidia-cameras/jetson-agx-xavier-cameras/sony-starvis-imx462-ultra-low-light-camera.asp,IMX462,-30°C to 85°C,No,fixed color sony 2mp mipi rolling 60fps without-enclosure xavier low-light smart_surveillance smart_traffic sports_broadcasting parking_lot_management ophthalmology 2-9ps 1-28 no starvis,2,60FPS,102,,1/2.8,/webstore.asp,2MP Global Shutter Monochrome Camera (Xavier),Color,60,MIPI CSI-2,Full HD
e-CAM22_CUXVR&nbsp;&nbsp;(AGX Xavier),/nvidia-cameras/jetson-agx-xavier-cameras/sony-imx327-ultra-low-light-camera.asp,IMX327,-30°C to 85°C,No,fixed color 2mp mipi rolling low-light hd xavier sony 60fps without-enclosure 2-9ps 1-28 parking_lot_management quality_control_inspection sports_broadcasting no starvis,2,60FPS,103,,1/2.8,/webstore.asp,SONY IMX327 Camera for Jetson Xavier,Color,60,MIPI CSI-2,2.0 MP
NileCAM25_CUXVR&nbsp;&nbsp;(AGX Xavier),/nvidia-cameras/jetson-agx-xavier-cameras/ar0234-gmsl2-camera.asp,AR0234,-30°C to 70°C,Yes,fixed color 2mp gmsl Global xavier hd onsemi 100fps without-enclosure 1-26 autonomous_mobile_robots smart_traffic yes,2,120FPS,104,all nvidia-camera platform,1/2.6,/webstore.asp,Full HD GMSL2 Global Shutter camera,Color,120,GMSL2,Full HD
NileCAM21_CUXVR&nbsp;&nbsp;(AGX Xavier),/nvidia-cameras/jetson-agx-xavier-cameras/ar0233-gmsl2-camera.asp,AR0233AT,-40°C to 85°C,Yes,fixed color 2mp gmsl rolling xavier hdr hd onsemi 60fps without-enclosure 3ps 1-25 auto_farming fleet_management yes,2,60FPS,105,all nvidia-camera,1/2.5,/webstore.asp,Full HD GMSL2 Camera for Jetson AGX Xavier,Color,60,GMSL2,Full HD
NileCAM81_CUNX&nbsp;&nbsp;(Xavier NX/Nano),/nvidia-cameras/jetson-nano-cameras/ar0821-8mp-4k-hdr-gmsl2-camera.asp,AR0821,-30°C to 70°C,Yes,fixed color 8mp gmsl nx nano hd hdr rolling onsemi 30fps 3ps without-enclosure 1-2 autonomous_mobile_robots auto_farming yes,8,30FPS,106,all nvidia-camera platform,1/2,/webstore.asp,AR0821 4K HDR GMSL2 camera,Color,30,GMSL2,8.0 MP
NileCAM25_CUNX&nbsp;&nbsp;(Xavier NX/Nano),/nvidia-cameras/jetson-xavier-nx-cameras/ar0234-full-hd-gmsl2-global-shutter-camera.asp,AR0234,-30°C to 70°C,Yes,fixed color 2mp gmsl Global nx nano hd onsemi 100fps 3ps without-enclosure 1-26 autonomous_mobile_robots auto_farming yes,2,120FPS,107,all nvidia-camera platform,1/2.6,/webstore.asp,AR0234CS Full HD GMSL2 Global Shutter camera,Color,120,GMSL2,Full HD
NileCAM20_CUNX&nbsp;&nbsp;(Xavier NX/Nano),/nvidia-cameras/jetson-xavier-nx-cameras/ar0230-full-hd-gmsl2-hdr-camera.asp,AR0230AT,-30°C to 70°C,Yes,fixed color 2mp gmsl rolling nx nano hd hdr onsemi 60fps 3ps without-enclosure 1-27 smart_traffic yes,2,60FPS,108,all nvidia-camera,1/2.7,/webstore.asp,AR0230 Full HD GMSL2 HDR camera for NVIDIA Jetson Xavier NX/Nano,Color,60,GMSL2,Full HD
e-CAM20_CUTDA4 (TI TDA4VM-SK),/ti-cameras/ar0234-global-shutter-camera-tda4vm-ti-edge-ai.asp,AR0234,-30°C to 70°C,Yes,fixed color 2mp mipi Global TI TDA4VM onsemi hd 100fps without-enclosure 3ps 1-26 yes,2,120FPS,109,platform,1/2.6,/webstore.asp,,Color,120,MIPI CSI-2,Full HD
e-CAM50_CUTDA4 (TI TDA4VM-SK),/ti-cameras/ar0521-camera-tda4vm-ti-edge-ai.asp,AR0521,-30°C to 70°C,Yes,fixed color 5mp mipi rolling TI TDA4VM onsemi 100fps without-enclosure 2-2ps 1-25 low-noise hd yes,5,100FPS,110,,1/2.5,/webstore.asp,,Color,100,MIPI CSI-2,5.0 MP
e-CAM81_CUTDA4 (TI TDA4VM-SK),/ti-cameras/4k-onsemi-ar0821-hdr-camera-tda4vm-ti-edge-ai.asp,AR0821,-30°C to 70°C,Yes,fixed color 8mp mipi rolling TI TDA4VM onsemi 60fps hdr without-enclosure 2-2ps 1-17 yes,8,60FPS,111,platform,1/1.7,/webstore.asp,,Color,60,MIPI CSI-2,8.0 MP
NeduCAM25_CUTDA4  (TI TDA4VM-SK),/fpd-link-iii-serdes/ar0234-global-shutter-camera-for-ti-sk-tda4vm.asp,AR0234,-20°C to 70°C,Yes,fixed color 2mp Global TI TDA4VM fpd-link-iii onsemi hd 100fps without-enclosure 3ps 1-26 yes,2,120FPS,112,platform,1/2.6,/webstore.asp,,Color,120,FPD-Link III,Full HD
NeduCAM81_CUTDA4  (TI TDA4VM-SK),/fpd-link-iii-serdes/4k-onsemi-ar0821-hdr-camera-for-ti-sk-tda4vm.asp,AR0821,-30°C to 70°C,Yes,fixed color 8mp fixed rolling hdr ultra-hd onsemi TI TDA4VM 60fps without-enclosure yes,8,60FPS,113,platform,1/1.7,/webstore.asp,,Color,60,FPD-Link III,8.0 MP
e-CAM51_CUNX&nbsp;&nbsp;(Diamond Systems),/diamond-systems/5mp-mipi-camera-board.asp,AR0521,-30°C to 70°C,Yes,5mp mipi nx color fixed rolling hd low-light onsemi without-enclosure 100fps 1-25 2-2ps yes,5,100FPS,114,all nvidia-camera,1/2.5,/webstore.asp,Multiple camera for Jetson Xavier NX FLOYD Dev Kit,Color,100,MIPI CSI-2,5.0 MP
e-CAM181_CUNX &nbsp;&nbsp;(Diamond Systems),/diamond-systems/18mp-multi-camera-solution-for-jetson-xavier-nx.asp,AR1820,-30°C to 70°C,No,18mp mipi nx color fixed rolling hd ultra-hd onsemi without-enclosure lt30fps 1-23 1-25ps no,18,13FPS,115,,1/2.3,/webstore.asp,Multiple camera for Jetson Xavier NX FLOYD Dev Kit,Color,13,MIPI CSI-2,18.0 MP
e-CAM130_CUNX&nbsp;&nbsp;(Diamond Systems),/diamond-systems/4k-camera-for-jetson-xavier-nx.asp,AR1335,-30°C to 70°C,Yes,300-2000 13mp mipi nx color onsemi fixed rolling hd ultra-hd without-enclosure 100fps 1-32 1-1ps yes,13,115FPS,116,all nvidia-camera platform,1/3.2,/webstore.asp,Multiple camera for Jetson Xavier NX FLOYD Dev Kit,Color,115,MIPI CSI-2,13.0 MP
e-CAM25_CUNX&nbsp;&nbsp;(Diamond Systems),/diamond-systems/ar0234-global-shutter-camera.asp,AR0234,-30°C to 70°C,Yes,fixed color 2mp mipi Global nx onsemi hd 100fps without-enclosure 3ps 1-26 autonomous_mobile_robots smart_traffic yes,2,120FPS,117,all nvidia-camera platform,1/2.6,/webstore.asp,Multiple camera for Jetson Xavier NX FLOYD Dev Kit,Color,120,MIPI CSI-2,Full HD
e-CAM22_CUXVR&nbsp;&nbsp;(Toshiba DME),/toshiba/sony-imx327-ultra-low-light-camera.asp,IMX327,-30°C to 85°C,No,fixed color 2mp mipi rolling low-light hd xavier sony 30fps without-enclosure 2-9ps 1-28 no starvis,2,30FPS,118,,1/2.8,/webstore.asp,2MP MIPI Camera for Toshiba DMEs Jetson AGX Xavier Edge AI Box,Color,30,MIPI CSI-2,2.0 MP
STURDeCAM25_CUXVR &nbsp;&nbsp;(AGX Xavier),/nvidia-cameras/jetson-agx-xavier-cameras/ip67-rugged-gmsl2-global-shutter-camera.asp,AR0234,-30°C to 70°C,Yes,fixed color 2mp gmsl Global onsemi 100fps with-enclosure xavier 3ps 1-26 hd autonomous_mobile_robots smart_traffic fleet_management yes,2,120FPS,119,all nvidia-camera platform,1/2.6,/webstore.asp,FHD Global Shutter GMSL2 camera for Jetson AGX Xavier,Color,120,GMSL2,Full HD
STURDeCAM20_CUXVR&nbsp;&nbsp;(AGX Xavier),/nvidia-cameras/jetson-agx-xavier-cameras/2mp-ip67-gmsl2-rugged-camera.asp,AR0230AT,-40°C to 85°C,Yes,fixed color 2mp gmsl rolling hdr onsemi 60fps with-enclosure xavier 3ps 1-27 hd low-light fleet_management yes,2,60FPS,120,all nvidia-camera,1/2.7,/webstore.asp,IP67 HDR GMSL2 Multi-camera for Jetson AGX Xavier,Color,60,GMSL2,Full HD
STURDeCAM20_CUXVR&nbsp;&nbsp;(Connect tech Rogue),/connect-tech/rogue/ip67-gmsl2-AR0230-camera.asp,AR0230AT,-40°C to 85°C,Yes,fixed color 2mp gmsl rolling hdr onsemi 60fps with-enclosure xavier 3ps 1-27 hd low-light fleet_management yes,2,60FPS,121,all nvidia-camera,1/2.7,/webstore.asp,Full HD GMSL2 camera for Connect Techs Jetson Xavier Rogue,Color,60,GMSL2,Full HD
STURDeCAM20_CUXVR&nbsp;&nbsp;(Toshiba DME),/toshiba/2mp-ip67-gmsl2-rugged-camera.asp,AR0230AT,-40°C to 85°C,Yes,fixed color 2mp gmsl rolling hdr onsemi 60fps with-enclosure Xavier 3ps 1-27 hd low-light fleet_management yes,2,60FPS,122,all nvidia-camera,1/2.7,/webstore.asp,IP67 Full HD Camera for Toshiba DMEs Jetson AGX Xavier Edge AI Box,Color,60,GMSL2,Full HD
STURDeCAM20&nbsp;&nbsp;(Connect tech Rudi-NX),/connect-tech/rudi-nx/ip67-gmsl2-AR0230-camera.asp,AR0230AT,-40°C to 85°C,Yes,fixed color 2mp gmsl nx rolling hdr onsemi 60fps with-enclosure 3ps 1-27 hd low-light fish_farming smart_traffic yes,2,60FPS,123,all gmsl-cameras,1/2.7,/webstore.asp#sturdecam,IP67 Full HD GMSL2 HDR camera for Connect Techs Rudi-NX,Color,60,GMSL2,Full HD
NileCAM21_CUXVR&nbsp;&nbsp;(Connect Tech Rogue),/connect-tech/rogue/ar0233-hdr-gmsl2-camera.asp,AR0233AT,-40°C to 85°C,Yes,fixed color 2mp gmsl rolling xavier hdr hd onsemi 60fps without-enclosure 3ps 1-25 yes,2,60FPS,124,all nvidia-camera,1/2.5,/webstore.asp,HDR GMSL2 camera for Connect Techs Jetson AGX Xavier Rogue,Color,60,GMSL2,2.0 MP
NileCAM21_CUXVR&nbsp;&nbsp;(Connect Tech Rudi-NX),/connect-tech/rudi-nx/ar0233-hdr-gmsl2-camera.asp,AR0233AT,-40°C to 85°C,Yes,fixed color 2mp gmsl rolling nx hdr hd onsemi 60fps without-enclosure 3ps 1-25 yes,2,60FPS,125,all nvidia-camera,1/2.5,/webstore.asp,HDR GMSL2 camera for Connect Techs Rudi-NX,Color,60,GMSL2,2.0 MP
NileCAM21_CUXVR&nbsp;&nbsp;(Connect Tech Rudi-AGX),/connect-tech/rudi-agx/ar0233-hdr-gmsl2-camera.asp,AR0233AT,-40°C to 85°C,Yes,fixed color 2mp gmsl rolling xavier hdr hd onsemi 60fps without-enclosure 3ps 1-25 yes,2,60FPS,126,all nvidia-camera,1/2.5,/webstore.asp,HDR GMSL2 camera for Connect Techs Rudi-AGX,Color,60,GMSL2,2.0 MP
DepthVista_MIPI_IRD &nbsp;&nbsp;(AGX Orin),/3d-depth-cameras/tof-cameras/3d-mipi-tof-camera-nvidia-jetson-agx-orin-xavier.asp,Depth sensor,0°C to 50°C,No,0.3mp mipi orin ir depth fixed tof rolling 2-9ps 30fps with-enclosure 1-4 no 3d-depth-camera,0,30FPS,127,all 3d-depth-camera,1/4,/webstore.asp#e-CAM0M30_TOF_CUOAGX,Time of Flight (ToF) MIPI CSI 2 camera for Jetson AGX Orin,NIR & Depth,30,MIPI CSI-2,0.3 MP
e-CAM180_CUOAGX &nbsp;&nbsp;(AGX Orin),/nvidia-cameras/jetson-agx-orin-cameras/18mp-ar1820hs-six-synchronized-cameras.asp,AR1820,-30°C to 70°C,No,fixed color 18mp mipi rolling orin onsemi lt30fps without-enclosure ultra-hd hd smart_traffic street_surveil parking_lot_management 1-25ps 1-23 no,18,13FPS,128,,1/2.3,/webstore.asp,,Color,13,MIPI CSI-2,18.0 MP
e-CAM121_CUOAGX&nbsp;&nbsp;(AGX Orin),/nvidia-cameras/jetson-agx-orin-cameras/12mp-sony-starvis-imx412-ultra-low-light-camera.asp,IMX412,-20°C to 60°C,No,13mp mipi orin color fixed rolling low-light starvis 2-9ps 200fps  without-enclosure 1-23 no,12.3,240FPS,129,platform,1/2.3,/webstore.asp#e-CAM121_CUOAGX,12MP Sony&reg; Starvis&trade; IMX412 Ultra Low Light Camera,Color,240,MIPI CSI-2,12.3 MP
e-CAM85_CUOAGX&nbsp;&nbsp;(AGX Orin),/nvidia-cameras/jetson-agx-orin-cameras/sony-starvis-imx715-8mp-mipi-camera.asp,IMX715,-30°C to 70°C,no,8mp mipi orin color fixed rolling starvis 2-9ps 30fps low-light without-enclosure 1-28 no,8,30FPS,130,,1/ 2.8,/webstore.asp,Sony® Starvis™ IMX715 Camera for NVIDIA® Jetson AGX ORIN Dev Kit,Color,30,MIPI CSI-2,8.0 MP
e-CAM84_CUOAGX&nbsp;&nbsp;(AGX Orin),/nvidia-cameras/jetson-agx-orin-cameras/4k-onsemi-ar0830-mipi-camera.asp,AR0830,-30°C to 70°C,Yes,8mp mipi orin color fixed rolling onsemi 2-9ps 100fps without-enclosure 1-29 yes,8,120FPS,131,platform,1/2.9,/webstore.asp,4K Camera based on onsemi AR0830 for NVIDIA&reg; Jetson AGX Orin&trade;,Color,120,MIPI CSI-2,8.0 MP
e-CAM82_CUOAGX&nbsp;&nbsp;(AGX Orin),/nvidia-cameras/jetson-agx-orin-cameras/8mp-sony-imx485-low-light-mipi-camera.asp,IMX485,-30°C to 70°C,No,8mp mipi orin color fixed rolling low-light ultra-hd hd sony 2-9ps 60fps  with-enclosure 1-12 no starvis,8,90FPS,132,,1/1.2,/webstore.asp#e-CAM82_CUOAGX,4K camera based on SONY IMX485 for Jetson AGX Orin,Color,90,MIPI CSI-2,8.0 MP
e-CAM80_CUOAGX&nbsp;&nbsp;(AGX Orin),/nvidia-cameras/jetson-agx-orin-cameras/4k-8mp-sony-imx415-low-light-camera.asp,IMX415,-30°C to 70°C,No,8mp mipi orin color fixed rolling low-light ultra-hd hd sony 1-45ps 100fps  without-enclosure 1-28 automated sports broadcasting smart_city quality_control_inspection no starvis,8,104FPS,133,platform,1/2.8,/webstore.asp,4K camera based on SONY IMX415 for Jetson AGX Orin,Color,104,MIPI CSI-2,8.0 MP
e-CAM31_CUOAGX&nbsp;&nbsp;(AGX Orin),/nvidia-cameras/jetson-agx-orin-cameras/sony-isx031-120db-hdr-camera.asp,ISX031,-40°C to +85°C,No,3-4mp mipi color orin fixed sonysubpixel rolling 2-1ps 60fps hdr without-enclosure no,3,60FPS,134,all nvidia-camera platform,1/2.42,/webstore.asp,,Color,60,MIPI CSI-2,3.0 MP
e-CAM27_CUOAGX&nbsp;&nbsp;(AGX Orin),/nvidia-cameras/jetson-agx-orin-cameras/2mp-ov2312-global-shutter-rgb-ir-camera.asp,OV2312,-40°C to +80°C,Yes,2mp mipi color ir colornir orin fixed Global rgbir 2-1ps 30fps OmniVision without-enclosure yes,2,36FPS,135,platform,1/2.9,/webstore.asp#e-CAM27_CUOAGX,,Color & NIR,36,MIPI CSI-2,2.0 MP
e-CAM22_CUOAGX&nbsp;&nbsp;(AGX Orin),/nvidia-cameras/jetson-agx-orin-cameras/fhd-sony-starvis-imx462-low-light-camera.asp,IMX462,-30°C to 70°C,No,2mp mipi color orin xavier fixed rolling low-light sony starvis 60fps without-enclosure no,2,60FPS,136,,1/2.9,/webstore.asp,,Color,60,MIPI CSI-2,2.0 MP
e-CAM20_CUOAGX&nbsp;&nbsp;(AGX Orin),/nvidia-cameras/jetson-agx-orin-cameras/full-hd-ar0234-color-global-shutter-camera.asp,AR0234,-30°C to 70°C,Yes,2mp mipi orin color fixed Global hd onsemi 100fps without-enclosure 3ps 1-26 smart_traffic auto_farming autonomous_mobile_robots yes,2,120FPS,137,all nvidia-camera platform,1/2.6,/webstore.asp#e-CAM20_CUOAGX,Six Synchronized global shutter camera for Jetson AGX Orin,Color,120,MIPI CSI-2,Full HD
NeduCAM25_CUOAGX&nbsp;&nbsp;(AGX Orin),/nvidia-cameras/jetson-agx-orin-cameras/ar0234-global-shutter-fpd-link-iii-synchronized-multi-camera.asp,AR0234,-20°C to 70°C,Yes,2mp orin color fixed Global hd onsemi 100fps without-enclosure 3ps 1-26 fpd-link-iii yes,2,120FPS,138,all nvidia-camera platform,1/2.6,/webstore.asp#NeduCAM25_CUOAGX,,Color,120,FPD-Link III,Full HD
ArniCAM20&nbsp;&nbsp;(AGX Orin),/nvidia-cameras/jetson-agx-orin-cameras/360-degree-bird-view-camera.asp,AR0233AT,-40°C to +85°C,Yes,5mp gmsl color orin fixed 30fps onsemi rolling without-enclosure with-enclosure yes,4,30FPS,139,all nvidia-camera,1/2.5,/webstore.asp,,Color,30,GMSL2,4.5 MP
NileCAM130_CUOAGX (AGX Orin/AGX Xavier),/nvidia-cameras/jetson-agx-orin-cameras/ar1335-13mp-gmsl2-camera.asp,AR1335,-30°C to 70°C,Yes,13mp gmsl orin xavier color fixed rolling low-light ultra-hd onsemi 2-1ps 60fps without-enclosure 1-32 yes,13,72FPS,140,all nvidia-camera platform,1/3.2,/webstore.asp,,Color,72,GMSL2,13.0 MP
Nile3CAM85_CUOAGX (AGX Orin/AGX Xavier),/nvidia-cameras/jetson-agx-orin-cameras/8mp-sony-starvis-imx715-low-light-gmsl3-camera.asp,IMX715,-30°C to 70°C,No,8mp gmsl3 orin xavier color fixed rolling low-light ultra-hd sony starvis 2-1ps 60fps without-enclosure 1-28 no,8,90FPS,141,platform,1/2.8,/webstore.asp#Nile3CAM85_CUOAGX,,Color,90,GMSL3,8.0 MP
NileCAM87_CUOAGX (AGX Orin),/nvidia-cameras/jetson-agx-orin-cameras/4k-sony-starvis2-imx585-gmsl-camera.asp,IMX585,-30°C to 70°C,No,8mp gmsl orin color fixed rolling low-light ultra-hd sonyStarvisTwo 2-1ps 30fps  with-enclosure 1-12 no,8,44FPS,142,,1/1.2,/webstore.asp,,Color,44,GMSL2,8.4 MP
NileCAM82_CUOAGX (AGX Orin/AGX Xavier),/nvidia-cameras/jetson-agx-orin-cameras/sony-starvis-imx485-4k-gmsl2-camera.asp,IMX485,-30°C to 70°C,No,8mp gmsl orin xavier color fixed rolling low-light ultra-hd sony starvis 2-1ps 60fps  with-enclosure 1-12 no,8,62FPS,143,,1/1.2,/webstore.asp,,Color,62,GMSL2,8.0 MP
NileCAM210_CUOAGX (AGX Orin/AGX Xavier),/nvidia-cameras/jetson-agx-orin-cameras/sony-starvis-imx462-low-light-gmsl2-camera.asp,IMX462,-30°C to 70°C,No,2mp gmsl orin xavier color fixed rolling low-light sony starvis 2-9ps 60fps without-enclosure 1-28 no,2,60FPS,144,,1/2.8,/webstore.asp,,Color,60,GMSL2,2.0 MP
NileCAM81_CUOAGX (AGX Orin/AGX Xavier),/nvidia-cameras/jetson-agx-orin-cameras/ar0821-4k-hdr-gmsl2-camera.asp,AR0821,-30°C to 70°C,Yes,8mp gmsl orin xavier color fixed rolling hdr ultra-hd onsemi 2-1ps 60fps  without-enclosure 1-2 yes,8,60FPS,145,all nvidia-camera platform,1/1.7,/webstore.asp#NileCAM81_CUOAGX,,Color,60,GMSL2,8.0 MP
NileCAM80_CUOAGX (AGX Orin/AGX Xavier),/nvidia-cameras/jetson-agx-orin-cameras/4k-imx415-low-light-gmsl2-multi-cameras.asp,IMX415,-20°C to 70°C,No,8mp gmsl orin xavier color fixed rolling low-light ultra-hd starvis 2-1ps 60fps without-enclosure 1-2 no,8,60FPS,146,platform,1/2.8,/webstore.asp,,Color,60,GMSL2,8.0 MP
NileCAM25_CUOAGX (AGX Orin),/nvidia-cameras/jetson-agx-orin-cameras/ar0234-fhd-gmsl2-global-shutter-camera.asp,AR0234,-30°C to 70°C,Yes,2mp gmsl orin color fixed Global hd onsemi 100fps without-enclosure 3ps 1-26 yes,2,120FPS,147,all nvidia-camera platform,1/2.6,/webstore.asp#NileCAM25_CUOAGX,,Color,120,GMSL2,Full HD
NileCAM21_CUOAGX (AGX Orin),/nvidia-cameras/jetson-agx-orin-cameras/ar0233-fhd-gmsl2-hdr-camera-with-lfm.asp,AR0233AT,-40°C to 85°C,Yes,fixed color 2mp gmsl rolling orin hdr hd onsemi 60fps without-enclosure 3ps 1-25 yes,2,60FPS,148,all nvidia-camera,1/2.5,/webstore.asp#NileCAM21_CUOAGX,,Color,60,GMSL2,Full HD
NileCAM20_CUOAGX (AGX Orin / AGX Xavier),/nvidia-cameras/jetson-agx-orin-cameras/ar0230-fhd-gmsl2-hdr-camera.asp,AR0230AT,-40°C to 85°C,Yes,fixed color 2mp gmsl rolling hdr onsemi 60fps without-enclosure xavier orin 3ps 1-27 hd yes,2,60FPS,149,all nvidia-camera,1/2.7,/webstore.asp#NileCAM20_CUOAGX,,Color,60,GMSL2,Full HD
STURDeCAM81_CUOAGX (AGX Orin/AGX Xavier),/nvidia-cameras/jetson-agx-orin-cameras/4k-ar0821-IP67-hdr-gmsl2-multi-camera.asp,AR0821,-30°C to 70°C,Yes,fixed color 8mp gmsl onsemi rolling xavier orin hdr 60fps with-enclosure yes,8,60FPS,150,all nvidia-camera platform,1/1.7,/webstore.asp#STURDeCAM81_CUOAGX,,Color,60,GMSL2,8.0 MP
STURDeCAM21_CUOAGX (AGX Orin/AGX Xavier),/nvidia-cameras/jetson-agx-orin-cameras/ar0233-ip67-full-hd-gmsl2-hdr-camera.asp,AR0233AT,-40°C to 85°C,Yes,fixed color 2mp gmsl rolling xavier orin hdr hd onsemi 30fps with-enclosure 3ps 1-25 yes,2,30FPS,151,all nvidia-camera,1/2.5,/webstore.asp#STURDeCAM21_CUOAGX,,Color,30,GMSL2,Full HD
STURDeCAM25_CUOAGX &nbsp;&nbsp;(AGX Orin),/nvidia-cameras/jetson-agx-orin-cameras/fhd-ar0234-IP67-global-shutter-gmsl2-multi-camera.asp,AR0234,-30°C to 70°C,Yes,fixed color 2mp gmsl Global onsemi 100fps with-enclosure orin 3ps 1-26 hd autonomous_mobile_robots smart_traffic fleet_management yes,2,120FPS,152,all nvidia-camera platform,1/2.6,/webstore.asp#STURDeCAM25_CUOAGX,,Color,120,GMSL2,Full HD
STURDeCAM20_CUOAGX (AGX Orin),/nvidia-cameras/jetson-agx-orin-cameras/ar0230-ip67-gmsl2-hdr-camera-for-agx-xavier.asp,AR0230AT,-40°C to 85°C,Yes,fixed color 2mp gmsl rolling hdr onsemi 60fps with-enclosure orin 3ps 1-27 hd yes,2,60FPS,153,all nvidia-camera,1/2.7,/webstore.asp#STURDeCAM20_CUOAGX,,Color,60,GMSL2,Full HD
STURDeCAM34 (GMSL2),/automotive-cameras/3mp-aro341at-ip69k-gmsl2-150db-hdr-camera.asp,AR0341AT,-40°C to 80°C,Yes,fixed color 3mp gmsl rolling onsemi hdr 60fps with-enclosure 2ps yes,3,60FPS,154,hdr,1/3.6,/webstore.asp#STURDeCAM34,,Color,60,GMSL2,3.0 MP
e-CAM30_CUNANO&nbsp;&nbsp;(NANO),/nvidia-cameras/jetson-nano-cameras/e-CAM30_CUNANO.asp,AR0330,-30°C to 70°C,Yes,fixed color 3-4mp mipi rolling low-light hd nano onsemi 60fps without-enclosure 2-2ps 1-3 yes,3,60FPS,155,,1/3,/webstore.asp#CAM30_CUNANO,3.4 MP NVIDIA&reg; Jetson Nano&trade; Camera,Color,60,MIPI CSI-2,3.4 MP
STEEReoCAM&reg;&nbsp;&nbsp;(NANO/AGX Xavier/TX2),/nvidia-cameras/jetson-agx-xavier-cameras/stereo-camera.asp,OV2311,-30°C to 85°C,No,fixed monochrome 2mp mipi Global xavier nano tx2-tx1 OmniVision 30fps with-enclosure stereo dentistry assistive_technology autonomous_mobile_robots sports_broadcasting 3ps 1-29 no,2,30FPS,156,platform,1/2.9,/webstore.asp#steereocam_USB3_camera,Stereo Camera for Jetson Nano/Xavier/TX2,Mono,30,MIPI CSI-2,2.0 MP
TaraXL&nbsp;&nbsp;(Xavier/TX2),/3d-usb-stereo-camera-with-nvidia-accelerated-sdk.asp,MT9V024,-30°C to 70°C,No,fixed monochrome 0-3mp usb3 Global stereo tx2-tx1 x86 onsemi 60fps with-enclosure eye_track indoor_rover 6ps 1-3 no,0,60FPS,157,,1/3,/webstore.asp#taraxl_USB3_camera,USB Stereo Camera for NVIDIA GPU,Mono,60,USB 3.0,0.3 MP
SurveilsQUAD&nbsp;&nbsp;(AGX Xavier),/nvidia-cameras/jetson-agx-xavier-cameras/sony-starvis-imx290-synchronized-multi-camera.asp,IMX290,-30°C to 85°C,No,fixed color 2mp mipi rolling low-light hdr hd xavier sony 100fps without-enclosure smart_surveillance sports_broadcasting street_surveil video_confer 360deg_sur_view day_night_surveil inside_vehicle ultra_lowlight kiosk 2-9ps 1-28 no starvis,2,120FPS,158,,1/2.8,/webstore.asp#SurveilsQUAD,Sony IMX290 Synchronized Multi-Camera System,Color,120,MIPI CSI-2,2.0 MP
e-CAM130A_CUXVR&nbsp;&nbsp;(AGX Xavier),/nvidia-cameras/jetson-agx-xavier-cameras/four-synchronized-4k-cameras.asp,AR1335,-30°C to 70°C,Yes,300-2000 fixed color 13mp mipi rolling xavier onsemi 100fps without-enclosure ultra-hd smart_surveillance parking_lot_management 1-1ps 1-32 yes,13,100FPS,159,all nvidia-camera platform,1/3.2,/webstore.asp#13mpxaviercam,Multiple Camera Board for Jetson AGX Xavier,Color,100,MIPI CSI-2,13.0 MP
e-CAM131_CURB (Raspberry Pi 4),/raspberry-pi-4/ar1335-mipi-13mp-monochrome-camera.asp,AR1335M,-30°C to 85°C,No,13mp raspberry-Pi mipi fixed monochrome rolling low-light onsemi 100fps without-enclosure 100fps 1-32 no,13,120FPS,160,,1/3.2,/webstore.asp#e-CAM131_CURB,,Mono,120,MIPI CSI-2,13.0 MP
e-CAM130_CURB&nbsp;&nbsp;(Raspberry Pi 4),/raspberry-pi-4/high-quality-mipi-csi-camera.asp,AR1335,-30°C to 70°C,Yes,13MP raspberry-Pi mipi fixed color 13mp rolling hd ultra-hd onsemi 100fps without-enclosure 1-1ps 1-32 yes 300-2000,13,110FPS,161,platform,1/3.2,/webstore.asp#13mpraspberry,High Quality Camera for Raspberry Pi 4,Color,110,MIPI CSI-2,13.0 MP
e-CAM50_CURB (Raspberry Pi 4),/raspberry-pi-4/5mp-ar0521-raspberry-pi-4-camera.asp,AR0521,-30°C to 70°C,No,5mp raspberry-Pi mipi fixed low-noise color rolling low-light onsemi 100fps without-enclosure 1-25 no,5,100FPS,162,,1/2.5,/webstore.asp#e-CAM50_CURB,,Color,100,MIPI CSI-2,5.0 MP
e-CAM22_CURB&nbsp;&nbsp;(Raspberry Pi 4),/raspberry-pi-4/full-hd-sony-starvis-imx462-ultra-low-light-camera.asp,IMX462,-30°C to 70°C,Yes,2mp raspberry-Pi mipi fixed color rolling hd sony starvis 60fps without-enclosure 1-28 yes,2,60FPS,163,,1/2.8,/webstore.asp#e-CAM22_CURB,,Color,60,MIPI CSI-2,Full HD
e-CAM20_CURB&nbsp;&nbsp;(Raspberry Pi 4),/raspberry-pi-4/global-shutter-raspberry-pi-camera.asp,AR0234,-30°C to 70°C,Yes,2mp raspberry-Pi mipi fixed color Global hd onsemi 100fps without-enclosure 3ps 1-26 yes,2,120FPS,164,platform,1/2.6,/webstore.asp#e-CAM20_CURB,Full HD Camera for Raspberry Pi 4,Color,120,MIPI CSI-2,Full HD
e-CAM21_CURB&nbsp;&nbsp;(Raspberry Pi 4),/raspberry-pi-4/ov2311-mipi-2mp-monochrome-global-shutter-camera-module.asp,OV2311,-30°C to 85°C,Yes,2mp raspberry-Pi mipi fixed monochrome Global hd OmniVision 60fps without-enclosure 3ps 1-32 no,2,90FPS,165,platform,1/3.2,/webstore.asp#e-CAM21_CURB,Full HD Camera for Raspberry Pi 4,Mono,90,MIPI CSI-2,Full HD
e-CAM20_CURZ&nbsp;&nbsp;(Renesas&reg; RZ V2L/G2L),/renesas/ar0234-global-shutter-camera-for-renesas-rz-v2.asp,AR0234,-30°C to 70°C,Yes,2mp renesas mipi fixed color Global hd onsemi 100fps without-enclosure 3ps 1-26 yes,2,120FPS,166,platform,1/2.6,/webstore.asp#e-CAM20_CURZ,,Color,120,MIPI CSI-2,Full HD
e-CAM21_CURZ&nbsp;&nbsp;(Renesas&reg; RZ V2L/G2L),/renesas/sony-starvis-imx462-ultra-low-light-camera-for-renesas-rz-v2l.asp,IMX462,-30°C to 70°C,Yes,2mp renesas mipi fixed color hd starvis 60fps without-enclosure 2-2ps 1-28 yes,2,60FPS,167,,1/2.8,/webstore.asp#e-CAM21_CURZ,,Color,60,MIPI CSI-2,Full HD
e-CAM22_CURZH&nbsp;&nbsp;(Renesas&reg; RZ/V2H),/renesas/sony-starvis-imx462-ultra-low-light-camera-for-renesas-rz-v2h.asp,IMX462,-30°C to 70°C,Yes,2mp renesas mipi fixed color hd low-light rolling starvis 60fps without-enclosure 2-2ps 1-28 yes,2,60FPS,168,,1/2.8,/webstore.asp#e-CAM22_CURZH,,Color,60,MIPI CSI-2,Full HD
e-CAM130_iMX8M&nbsp;&nbsp;(i.MX8),/4k-autofocus-camera-for-variscite-imx8.asp,AR1335,-30°C to 70°C,Yes,300-2000 auto color 13mp mipi rolling hd ultra-hd onsemi 100fps without-enclosure imx8 1-1ps 1-32 industrial_tablets yes,13,120FPS,169,platform,1/3.2,/webstore.asp#13mp_imx8_camera,4K Camera board for i.MX8 Mini,Color,120,MIPI CSI-2,13.0 MP
e-CAM134_CUiMX8&nbsp;&nbsp;(i.MX8),/toradex/ar1335m-13mp-monochrome-camera-for-imx8-quad-max.asp,AR1335M,-30°C to 85°C,Yes,fixed monochrome 13mp mipi rolling hd ultra-hd onsemi 100fps without-enclosure imx8 1-1ps 1-32 no,13,120FPS,170,,1/3.2,/webstore.asp#e-CAM134_CUiMX8,4K Camera board for i.MX8 Mini,Mono,120,MIPI CSI-2,13.0 MP
e-CAM131_CUiMX8&nbsp;&nbsp;(i.MX8 Quad Max),/toradex/13mp-camera-for-imx8-quad-max.asp,AR1335,-30°C to 70°C,Yes,300-2000 13mp mipi imx8 onsemi fixed rolling color 100fps without-enclosure 1-1ps 1-32 hd ultra-hd yes,13,100FPS,171,platform,1/3.2,/webstore.asp#e-CAM131_CUiMX8,13MP Camera for i.MX8 Processors,Color,100,MIPI CSI-2,13.0 MP
e-CAM160_iMX8(i.MX8 Quad Max),/toradex/16mp-sony-imx298-autofocus-camera-for-imx8-quad-max.asp,IMX298,-20°C to 60°C,Yes,16mp mipi  color auto rolling ultra-hd imx8 1-2ps 30fps Sony without-enclosure 1-28 yes  exmor,16,30FPS,172,platform,1/2.8,/webstore.asp#e-CAM160_iMX8,,Color,30,MIPI CSI-2,16.0 MP
e-CAM50_CUiMX8&nbsp;&nbsp;(i.MX8 Quad Max),/toradex/5mp-camera-for-imx8-quad-max.asp,AR0521,-30°C to 70°C,Yes,5mp mipi imx8 onsemi fixed rolling color 60fps without-enclosure 2-2ps 1-25 hd low-noise yes,5,65FPS,173,,1/2.5,/webstore.asp#e-CAM50_CUiMX8,5MP Camera for i.MX8 Processors,Color,65,MIPI CSI-2,5.0 MP
e-CAM133_iMX8&nbsp;&nbsp;(i.MX8 Quad Max),/toradex/auto-focus-camera-for-imx8-quad-max.asp,AR1335,-30°C to 70°C,Yes,300-2000 13mp mipi imx8 onsemi auto rolling color 100fps without-enclosure 1-1ps 1-32 hd ultra-hd yes,13,120FPS,174,platform,1/3.2,/webstore.asp#e-CAM133_iMX8,Auto Focus Camera for i.MX8 Processors,Color,120,MIPI CSI-2,13.0 MP
e-CAM22_CUiMX8&nbsp;&nbsp;(i.MX8),/toradex/sony-starvis-imx462-ultra-lowlight-camera-for-imx8.asp,IMX462,-30°C to 70°C,No,fixed color 2mp mipi rolling imx8 sony starvis hd 60fps low-light without-enclosure 1-28 no,2,60FPS,175,,1/2.8,/webstore.asp#e-CAM133_iMX8,Sony Starvis IMX462 Ultra-Lowlight Camera for i.MX8 Processors,Color,60,MIPI CSI-2,Full HD
e-CAM21_CUiMX8&nbsp;&nbsp;(i.MX8),/toradex/ar0234-global-shutter-camera-for-imx8.asp,AR0234,-30°C to 70°C,Yes,fixed color 2mp mipi Global imx8 onsemi hd 100fps without-enclosure 3ps 1-26 autonomous_mobile_robots smart_traffic yes,2,120FPS,176,platform,1/2.6,/webstore.asp#e-CAM21_CUiMX8,AR0234 Global Shutter Camera for i.MX8 Processors,Color,120,MIPI CSI-2,Full HD
e-CAM27_CUiMX8&nbsp;&nbsp;(i.MX8),/toradex/2mp-ov2312-global-shutter-rgb-ir-camera-for-imx8.asp,OV2312,-40°C to +80°C,Yes,2mp mipi color ir colornir imx8 fixed Global rgbir 2-1ps 30fps OmniVision without-enclosure yes,2,36FPS,177,platform,1/2.9,/webstore.asp#e-CAM27_CUiMX8,,Color & NIR,36,MIPI CSI-2,2.0 MP
e-CAM20_CUiMX8&nbsp;&nbsp;(i.MX8 Quad Max),/toradex/sony-starvis-imx290-camera-for-imx8-quad-max.asp,IMX290,-30°C to 60°C,No,2mp mipi imx8 color fixed rolling low-light hd sony 60fps without-enclosure 1-28 2-9ps no starvis,2,60FPS,178,,1/2.8,/webstore.asp#e-CAM20_CUiMX8,IMX290 Ultra-Lowlight Camera for i.MX8 Processors,Color,60,MIPI CSI-2,2.0 MP
e-CAM50_CU96&nbsp;&nbsp;(Rockchip Camera),/5mp-mipi-camera-for-rock960-rk3399-board.asp,AR0521,-30°C to 70°C,Yes,fixed color 5mp mipi rolling onsemi rockchip 60fps without-enclosure 2-2ps 1-25 low-noise hd yes,5,70FPS,179,,1/2.5,/webstore.asp#e-CAM50_CU96,5.0 MP camera for Rockchip RK3399,Color,70,MIPI CSI-2,5.0 MP
e-CAM50_CUCRL&nbsp;&nbsp;(Coral),/google-coral/5mp-mipi-camera-board.asp,AR0521,-30°C to 70°C,Yes,fixed color 5mp mipi rolling coral onsemi 60fps without-enclosure low-noise hd 60fps 2-2ps 1-25 yes,5,70FPS,180,,1/2.5,/webstore.asp#e-CAM50_CUCRL,5.0 MP Google Coral Camera,Color,70,MIPI CSI-2,5.0 MP
e-CAM30_CUCRL&nbsp;&nbsp;(Coral),/google-coral/3mp-mipi-camera-board.asp,AR0330,-30°C to 70°C,Yes,fixed color ir 3-4mp mipi rolling coral low-light onsemi 60fps without-enclosure 2-2ps 1-3 yes,3,60FPS,181,,1/3,/webstore.asp#e-CAM50_CUCRL,3.4 MP Google Coral Camera,Color & NIR,60,MIPI CSI-2,3.4 MP
qSmartAI80_CUQ610&nbsp;&nbsp;(Qualcomm),/qualcomm-embedded-cameras/qcs610-ai-vision-kit-imx415.asp,IMX415,-30°C to 70°C,Yes,8mp mipi qualcomm-qcs-610-410 color fixed rolling smartcam hd ultra-hd low-light sony 30fps without-enclosure 1-28 1-45ps yes sports_broadcasting autonomous_mobile_robots smart_checkout_and_carts smart_traffic retail_kiosk starvis,8,30FPS,182,platform,1/2.8,/webstore.asp#qsmartai80cuq610,,Color,30,MIPI CSI-2,8.0 MP
qSmartAI20_CUQ610&nbsp;&nbsp;(Qualcomm),/qualcomm-embedded-cameras/qcs610-ai-vision-kit-imx462.asp,IMX462,-30°C to 85°C,Yes,2mp mipi qualcomm-qcs-610-410 color fixed rolling smartcam hd low-light sony 30fps without-enclosure 1-28 2-9ps yes sports_broadcasting autonomous_mobile_robots smart_checkout_and_carts smart_traffic retail_kiosk starvis,2,30FPS,183,,1/2.8,/webstore.asp#qSmartAI20_CUQ610,,Color,30,MIPI CSI-2,2.0 MP
e-CAM51_CU96&nbsp;&nbsp;(Qualcomm),/qualcomm-embedded-cameras/5mp-mipi-camera-for-qualcomm-qc820c-board.asp,AR0521,-30°C to 70°C,Yes,5mp mipi qualcomm-820e onsemi color fixed rolling low-noise hd 60fps without-enclosure 1-25 2-2ps yes ophthalmology laboratory_equipment retail_kiosk dermatology,5,70FPS,184,,1/2.5,/webstore.asp#e-CAM51_CU96,,Color,70,MIPI CSI-2,5.0 MP
NileCAM130M_CUQRB5(Qualcomm&reg;  RB5),/qualcomm-embedded-cameras/robotics-rb5-kit/ar1335-13mp-gmsl2-cameras.asp,AR1335M,-30°C to 70°C,No,13mp gmsl qualcomm-rb5 monochrome fixed rolling 1.1ps 30fps onsemi without-enclosure 1-32 no,13,30FPS,185,,1/3.2,/webstore.asp#NileCAM130M_CUQRB5,,Mono,30,GMSL2,13.0 MP
e-CAM130M_CUQRB5(Qualcomm&reg;  RB5),/qualcomm-embedded-cameras/robotics-rb5-kit/ar1335-13mp-monochrome-mipi-cameras.asp,AR1335M,-30°C to 70°C,No,13mp mipi qualcomm-rb5 monochrome fixed rolling 1.1ps 30fps onsemi without-enclosure 1-32 no,13,30FPS,186,,1/3.2,/webstore.asp#e-CAM130M_CUQRB5,,Mono,30,MIPI CSI-2,13.0 MP
NileCAM85_CUQRB5(Qualcomm&reg;  RB5),/qualcomm-embedded-cameras/robotics-rb5-kit/sony-starvis-imx715-8mp-gmsl2-cameras.asp,IMX715,-30°C to 70°C,No,8mp gmsl qualcomm-rb5 color fixed rolling 1.1ps 30fps starvis without-enclosure 1-28 no,8,30FPS,187,platform,1/2.8,/webstore.asp#NileCAM85_CUQRB5,,Color,30,GMSL2,8.0 MP
e-CAM85_CUQRB5(Qualcomm&reg;  RB5),/qualcomm-embedded-cameras/robotics-rb5-kit/sony-starvis-imx715-8mp-mipi-cameras.asp,IMX715,-30°C to 70°C,No,8mp mipi qualcomm-rb5 color fixed rolling 1.1ps 30fps starvis without-enclosure 1-28 no,8,30FPS,188,platform,1/2.8,/webstore.asp#e-CAM85_CUQRB5,,Color,30,MIPI CSI-2,8.0 MP
e-CAM84_CUQRB5(Qualcomm&reg;  RB5),/qualcomm-embedded-cameras/robotics-rb5-kit/4k-onsemi-ar0830-mipi-cameras.asp,AR0830,-30°C to 70°C,Yes,color 8mp mipi rolling onsemi 100fps without-enclosure yes qualcomm-rb5,8,120FPS,189,all camera-modules platform,1/2.9,/webstore.asp#e-CAM84_CUQRB5,,Color,120,MIPI CSI-2,8.0 MP
NileCAM82_CUQRB5(Qualcomm&reg;  RB5),/qualcomm-embedded-cameras/robotics-rb5-kit/sony-starvis-imx485-low-light-gmsl2-cameras.asp,IMX485,-30°C to 70°C,No,8mp gmsl qualcomm-rb5 color fixed rolling 30fps sony starvis with-enclosure 1-12 low-light no,8,30FPS,190,,1/1.2,/webstore.asp#NileCAM82_CUQRB5,,Color,30,GMSL2,8.0 MP
e-CAM82_CUQRB5(Qualcomm&reg;  RB5),/qualcomm-embedded-cameras/robotics-rb5-kit/sony-starvis-imx485-8mp-mipi-cameras.asp,IMX485,-30°C to 70°C,No,8mp mipi qualcomm-rb5 color fixed rolling 1.1ps 30fps starvis with-enclosure 1-28 no,8,30FPS,191,,1/2.8,/webstore.asp#e-CAM82_CUQRB5,,Color,30,MIPI CSI-2,8.0 MP
e-CAM56_CUQRB5(Qualcomm&reg;  RB5),/qualcomm-embedded-cameras/robotics-rb5-kit/5mp-imx568-global-shutter-mipi-camera.asp,IMX568,-30°C to 70°C,No,raw-bayer 5mp mipi Global qualcomm-rb5 sonyPregiusS 60fps without-enclosure no camera-modules,5,90FPS,192,all platform,1/1.8,/webstore.asp#e-CAM56_CUQRB5,,Color,90,MIPI CSI-2,5.0 MP
NileCAM210_CUQRB5(Qualcomm&reg;  RB5),/qualcomm-embedded-cameras/robotics-rb5-kit/sony-starvis-imx462-low-light-gmsl2-cameras.asp,IMX462,-30°C to 70°C,No,2mp gmsl qualcomm-rb5 color fixed rolling 30fps sony starvis without-enclosure 1-28  low-light no,2,30FPS,193,,1/2.8,/webstore.asp#NileCAM210_CUQRB5,,Color,30,GMSL2,Full HD
e-CAM210_CUQRB5(Qualcomm&reg;  RB5),/qualcomm-embedded-cameras/robotics-rb5-kit/sony-starvis-imx462-fhd-mipi-cameras.asp,IMX462,-30°C to 70°C,No,2mp mipi qualcomm-rb5 color fixed rolling 1.1ps 30fps starvis without-enclosure 1-28 no,2,30FPS,194,,1/2.8,/webstore.asp#e-CAM210_CUQRB5,,Color,30,MIPI CSI-2,2.0 MP
e-CAM200_CUQRB5&nbsp;&nbsp;(Qualcomm&reg;  RB5),/qualcomm-embedded-cameras/robotics-rb5-kit/20mp-ar2020-high-resolution-multi-camera.asp,AR2020,-30°C to 70°C,No,fixed color colornir ir 20mp mipi rolling qualcomm-rb5 low-light onsemi grr ir 30fps without-enclosure 2-2ps 1-23 smart_surveillance no,20,30FPS,195,platform,1/1.8,/webstore.asp#e-CAM200_CUQRB5,20MP multi-camera solution for Qualcomm&reg; Robotics RB5 Development Kit,Color & NIR,30,MIPI CSI-2,20.0 MP
NileCAM25_CUQRB5(Qualcomm&reg;  RB5),/qualcomm-embedded-cameras/robotics-rb5-kit/ar0234-global-shutter-gmsl2-cameras.asp,AR0234,-30°C to 70°C,Yes,2mp gmsl qualcomm-rb5 color fixed Global 30fps onsemi without-enclosure 1-28 Yes yes,2,30FPS,196,platform,1/2.6,/webstore.asp#NileCAM25_CUQRB5,,Color,30,GMSL2,Full HD
e-CAM25_CUQRB5(Qualcomm&reg;  RB5),/qualcomm-embedded-cameras/robotics-rb5-kit/ar0234-global-shutter-mipi-cameras.asp,AR0234,-30°C to 70°C,Yes,2mp mipi qualcomm-rb5 color fixed Global 1.1ps 30fps onsemi without-enclosure 1-26 yes,2,30FPS,197,platform,1/2.6,/webstore.asp#e-CAM25_CUQRB5,,Color,30,MIPI CSI-2,2.0 MP
NileCAM21_CUQRB5(Qualcomm&reg;  RB5),/qualcomm-embedded-cameras/robotics-rb5-kit/ar0233-fhd-hdr-gmsl2-cameras.asp,AR0233AT,-40°C to 85°C,Yes,2mp gmsl qualcomm-rb5 color fixed rolling hdr 30fps onsemi without-enclosure 1-28 yes yes,2,30FPS,198,,1/2.5,/webstore.asp#NileCAM21_CUQRB5,,Color,30,GMSL2,Full HD
e-CAM21_CUQRB5(Qualcomm&reg;  RB5),/qualcomm-embedded-cameras/robotics-rb5-kit/ar0233at-fhd-hdr-mipi-cameras.asp,AR0233AT,-30°C to +70°C,Yes,2mp mipi qualcomm-rb5 color fixed rolling hdr 30fps onsemi without-enclosure 1-28 yes yes,2,30FPS,199,,1/2.5,/webstore.asp#e-CAM21_CUQRB5,,Color,30,MIPI CSI-2,Full HD
e-CAM0M30_TOF_CUQRB5(Qualcomm&reg;  RB5),/qualcomm-embedded-cameras/robotics-rb5-kit/3d-mipi-tof-camera-qrb5.asp,Depth,0°C to 50°C,Yes,2mp mipi qualcomm-rb5 depth ir fixed rolling tof 30fps onsemi with-enclosure 1-4 yes yes 3d-depth-camera,2,30FPS,200,,1/4,/webstore.asp#e-CAM0M30_TOF_CUQRB5,,Depth & IR,30,MIPI CSI-2,VGA
SmarteCAM&nbsp;&nbsp;(TX2),/smart-camera.asp,IMX290,-20°C to 60°C,Yes,2mp tx2-tx1 color fixed rolling smartcam low-light hdr hd sony 2-9ps 60fps with-enclosure 1-28 auto_farming smart_traffic sports_broadcasting yes starvis,2,60FPS,201,,1/2.8,/webstore.asp#SmarteCAM,IP66 Smart Camera for AI Vision,Color,60,-,2.0 MP
e-CAM30A_HEXCUTX2&nbsp;&nbsp;(TX2/AGX Xavier),/multiple-csi-cameras-for-nvidia-jetson-tx2.asp,AR0330,-30°C to 70°C,Yes,fixed color 3-4mp mipi rolling low-light hd tx2-tx1 xavier onsemi 60fps without-enclosure quality_control_inspection smart_checkout_and_carts retail_store_automation sports_broadcasting 2-2ps 1-3 yes,3,60FPS,202,,1/3,/webstore.asp#e-CAM30A_HEXCUTX2,Six Synchronized Full HD Cameras for Jetson AGX Xavier/TX2,Color,60,MIPI CSI-2,3.4 MP
NileCAM200 (GMSL2),/camera-modules/20mp-onsemi-ar2020-gmsl2-camera-module.asp,AR2020,-30°C to 70°C,No,fixed color colornir ir 20mp gmsl rolling onsemi lt30fps without-enclosure 2-2ps 1-23 smart_surveillance no,20,24FPS,203,all gmsl-cameras high-resolution,1/1.8,/webstore.asp#NileCAM200,20MP AR2020 GMSL2 camera with 15m cable support,Color & NIR,24,GMSL2,20.0 MP
NileCAM130 (GMSL2),/camera-modules/ar1335-13mp-gmsl2-camera-module.asp,AR1335,-30°C to 70°C,Yes,13mp gmsl color fixed rolling 1.45ps 60fps onsemi without-enclosure 1-32 yes,13,72FPS,204,all gmsl-cameras high-resolution,1/3.2,/webstore.asp#NileCAM130,,Color,72,GMSL2,13.0MP
Nile3CAM85 (GMSL3),/camera-modules/sony-starvis-imx715-8mp-gmsl3-camera-module.asp,IMX715,-30°C to 70°C,No,8mp gmsl3 color fixed rolling 1.45ps 60fps sony starvis without-enclosure 1-28 no,8,90FPS,205,high-resolution,1/2.8,/webstore.asp#Nile3CAM85,,Color,90,GMSL3,8.0MP
NileCAM130M (GMSL2),/camera-modules/onsemi-ar1335-4k-gmsl2-camera-module.asp,AR1335M,-30°C to 70°C,No,13mp gmsl monochrome fixed rolling 1.1ps 30fps onsemi without-enclosure 1-32 no,13,30FPS,206,,1/3.2,/webstore.asp#NileCAM130M,,Mono,30,GMSL2,13.0 MP
NileCAM85 (GMSL2),/camera-modules/sony-starvis-imx715-low-light-gmsl2-camera-module.asp,IMX715,-30°C to 70°C,No,8mp gmsl color fixed rolling ultra-hd low-light 2-1ps 30fps sony starvis without-enclosure 1-28 no,8,30FPS,207,,1/2.8,/webstore.asp#nilecam81,,Color,30,GMSL2,8.0 MP
NileCAM84 (GMSL2),/camera-modules/4k-onsemi-ar0830-gmsl2-camera-module.asp,AR0830,-30°C to 70°C,No,8mp gmsl color fixed rolling 2-1ps 100fps onsemi without-enclosure 1-29 no,8,120FPS,208,high-resolution,1/2.9,/webstore.asp#NileCAM84,,Color,120,GMSL2,8.0 MP
NileCAM82 (GMSL2),/camera-modules/sony-starvis-imx485-4k-gmsl2-camera-module.asp,IMX485,-30°C to 70°C,No,8mp gmsl color fixed rolling ultra-hd low-light 2-1ps 60fps sony starvis with-enclosure 1-12 no,8,62FPS,209,,1/1.2,/webstore.asp#NileCAM82,,Color,62,GMSL2,8.0 MP
NileCAM210 (GMSL2),/camera-modules/sony-starvis-imx462-low-light-gmsl2-camera-module.asp,IMX462,-30°C to 70°C,No,2mp gmsl color fixed rolling low-light  2-9ps 60fps sony starvis without-enclosure 1-28 no,2,60FPS,210,,1/2.8,/webstore.asp#NileCAM210,,Color,60,GMSL2,2.0 MP
NileCAM81 (GMSL2),/camera-modules/ar0821-4k-hdr-gmsl2-camera-module.asp,AR0821,-30°C to 70°C,Yes,8mp gmsl color fixed rolling hdr ultra-hd  2-1ps 60fps onsemi without-enclosure 1-2 yes,8,60FPS,211,all gmsl-cameras high-resolution,1/1.7,/webstore.asp#nilecam81,,Color,60,GMSL2,8.0 MP
NileCAM80 (GMSL2),/camera-modules/sony-starvis-imx415-4k-gmsl2-camera-module.asp,IMX415,-30°C to 70°C,Yes,8mp gmsl color fixed rolling low-light ultra-hd  1-45ps 60fps sony starvis without-enclosure yes,8,60FPS,212,all gmsl-cameras high-resolution global-shutter,1/2.8,/webstore.asp,,Color,60,GMSL2,8.0 MP
NileCAM56 (GMSL2),/camera-modules/5mp-sony-imx568-global-shutter-gmsl2-camera-module.asp,IMX568,-30°C to 70°C,No,5mp gmsl color fixed rolling 2-1ps 60fps sonyPregiusS without-enclosure 1-18 no,5,90FPS,213,global-shutter,1/1.8,/webstore.asp#NileCAM56,,Color,90,GMSL2,5.0 MP
NileCAM29&nbsp;&nbsp;(GMSL2),/camera-modules/fhd-ov2311-global-shutter-monochrome-gmsl2.asp,OV2311,-30°C to 70°C,no,fixed monochrome 2mp gmsl Global hd OmniVision low-light 30fps without-enclosure 1-29 autonomous_mobile_robots smart_traffic no,2,40FPS,214,,1/2.9,/webstore.asp#NileCAM29,2MP OV2311 Global Shutter Monochrome GMSL2 Camera,Mono,40,GMSL2,2.0 MP
NileCAM27&nbsp;&nbsp;(GMSL2),/camera-modules/fhd-ov2312-global-shutter-rgb-ir-gmsl2.asp,OV2312,-40°C to 80°C,Yes,fixed colornir 2mp gmsl Global OmniVision rgbir 30fps without-enclosure 1-29 autonomous_mobile_robots smart_traffic yes,2,36FPS,215,,1/2.9,/webstore.asp#NileCAM29,2MP OV2312 Global Shutter RGB-IR GMSL2 Camera,Color & NIR,40,GMSL2,2.0 MP
NileCAM25&nbsp;&nbsp;(GMSL2),/camera-modules/ar0234-global-shutter-gmsl-camera-module.asp,AR0234,-30°C to 70°C,Yes,fixed color 2mp gmsl Global hd onsemi 100fps without-enclosure 1-26 autonomous_mobile_robots smart_traffic yes,2,120FPS,216,all platform global-shutter,1/2.6,/webstore.asp#NileCAM25,Full HD GMSL2 Global Shutter color camera,Color,120,GMSL2,Full HD
NileCAM21&nbsp;&nbsp;(GMSL2),/camera-modules/ar0233-hdr-gmsl-camera-module.asp,AR0233AT,-40°C to 85°C,Yes,fixed color 2mp gmsl rolling hdr hd onsemi 60fps without-enclosure 3ps 1-25 auto_farming fleet_management yes,2,60FPS,217,all gmsl-cameras,1/2.5,/webstore.asp#NileCAM25,Full HD GMSL2 HDR Camera with LFM,Color,60,GMSL2,Full HD
NileCAM20&nbsp;&nbsp;(GMSL2),/camera-modules/ar0230-hdr-gmsl-camera-module.asp,AR0230AT,-40°C to 85°C,Yes,fixed color 2mp gmsl rolling hdr hd onsemi 60fps without-enclosure 3ps 1-27 auto_farming fleet_management yes,2,60FPS,218,all gmsl-cameras,1/2.7,/webstore.asp#NileCAM20,Full HD GMSL2 HDR color camera,Color,60,GMSL2,Full HD
NeduCAM25  (FPD-Link III),/fpd-link-iii-camera-modules/full-hd-ar0234-global-shutter-camera.asp,AR0234,-20°C to 70°C,Yes,fixed color 2mp fpd-link-iii Global hd onsemi 100fps without-enclosure 1-26 3ps yes,2,120FPS,219,all gmsl-cameras global-shutter,1/2.6,/webstore.asp#NeduCAM25,,Color,120,FPD-Link III,Full HD
STURDeCAM25 &nbsp;&nbsp;(GMSL2),/camera-modules/gmsl2-ar0234-global-shutter-camera.asp,AR0234,-30°C to 70°C,Yes,fixed color 2mp gmsl Global onsemi 100fps with-enclosure 3ps 1-26 hd autonomous_mobile_robots smart_traffic fleet_management yes,2,120FPS,220,all gmsl-cameras global-shutter,1/2.6,/webstore.asp#sturdecam25,IP67 Global Shutter GMSL2 Multi-camera,Color,120,GMSL2,Full HD
STURDeCAM21&nbsp;&nbsp;(GMSL2),/camera-modules/ip67-ar0233-gmsl2-hdr-camera.asp,AR0233AT,-40°C to 85°C,Yes,fixed color 2mp gmsl rolling hdr onsemi 30fps with-enclosure 3ps 1-25 hd low-light fish_farming smart_traffic yes,2,45FPS,221,all gmsl-cameras,1/2.5,/webstore.asp#STURDeCAM21,IP67 AR0233 Full HD GMSL2 HDR camera with LFM,Color,45,GMSL2,2.0 MP
STURDeCAM20&nbsp;&nbsp;(GMSL2),/camera-modules/gmsl2-surround-view-camera.asp,AR0230AT,-40°C to 85°C,Yes,fixed color 2mp gmsl rolling hdr onsemi 60fps with-enclosure 3ps 1-25 hd low-light fish_farming smart_traffic yes,2,60FPS,222,all gmsl-cameras,1/2.5,/webstore.asp#sturdecam,IP67 Full HD GMSL2 HDR camera for Surround view system,Color,60,GMSL2,Full HD
NileCAM30,/gmsl-camera-ar0330-lowlight-cameramodule.asp,AR0330,-30°C to 55°C,Yes,fixed color 3-4mp rolling hd low-light onsemi 60fps without-enclosure street_surveil video_confer loupe_camera precision_autofocus 2-2ps 1-3 yes,3,60FPS,223,,1/3,/webstore.asp#NileCAM30,3.4 MP GMSL Camera Module,Color,60,GMSL,3.4 MP
NileCAM30_USB,/gmsl-camera-with-usb-interface.asp,AR0330,-30°C to 55°C,Yes,fixed color 3-4mp rolling hd low-light x86 onsemi 60fps without-enclosure street_surveil video_confer loupe_camera precision_autofocus 2-2ps 1-3 yes,3,60FPS,224,,1/3,/webstore.asp#NileCAM30_USB,3.4 MP GMSL USB3.1 Gen1 Camera,Color,60,GMSL,3.4 MP